plotcode;trialcode;modality;surface;nbbgi;rowspace;block
BCCA-0-AAA-R570;BCCA;AAA;100;9;1.4;0
BCCA-0-AAA-SP791011;BCCA;AAA;100;9;1.4;0
BCSU-0-IRR-NCO376;BCSU;IRR;100;9;1.4;0
BCSU-0-IRR-R570;BCSU;IRR;100;9;1.4;0
BCSU-0-IRR-RB72454;BCSU;IRR;100;9;1.4;0
BCSU-0-IRR-SP832847;BCSU;IRR;100;9;1.4;0
BCSU-0-PLU-NCO376;BCSU;PLU;100;9;1.4;0
BCSU-0-PLU-R570;BCSU;PLU;100;9;1.4;0
BCSU-0-PLU-RB72454;BCSU;PLU;100;9;1.4;0
BCSU-0-PLU-SP832847;BCSU;PLU;100;9;1.4;0
BCTC-0-AAA-R570;BCTC;AAA;100;9;1.4;0
BCTC-0-AAA-SP791011;BCTC;AAA;100;9;1.4;0
BXAA-0-AAA-R570;BXAA;AAA;100;9;1.5;0
BXAA-0-BAA-R570;BXAA;BAA;100;9;1.5;0
BXAA-0-CAA-R570;BXAA;CAA;100;9;1.5;0
CCYC-0-D1A-R570;CCYC;D1A;100;9;1.5;0
CCYC-0-D2A-R570;CCYC;D2A;100;9;1.5;0
CCYC-0-D3A-R570;CCYC;D3A;100;9;1.5;0
CCYC-0-D4A-R570;CCYC;D4A;100;9;1.5;0
CP02-0-AAA-R570;CP02;AAA;100;9;1.5;0
CP04-0-AAA-R570;CP04;AAA;100;9;1.5;0
CVA1-0-AAA-R570;CVA1;AAA;100;9;1.5;0
CVA1-0-AAA-R575;CVA1;AAA;100;9;1.5;0
CVA1-0-AAA-R577;CVA1;AAA;100;9;1.5;0
CVA1-0-AAA-R579;CVA1;AAA;100;9;1.5;0
DEL1-0-AAA-B37172;DEL1;AAA;100;15;1.5;0
DEL1-0-AAA-CO312;DEL1;AAA;100;15;1.5;0
DEL1-0-AAA-CP76331;DEL1;AAA;100;15;1.5;0
DEL1-0-AAA-F152;DEL1;AAA;100;15;1.5;0
DEL1-0-AAA-F160;DEL1;AAA;100;15;1.5;0
DEL1-0-AAA-H564848;DEL1;AAA;100;15;1.5;0
DEL1-0-AAA-LF669657;DEL1;AAA;100;15;1.5;0
DEL1-0-AAA-M37664;DEL1;AAA;100;15;1.5;0
DEL1-0-AAA-MEX68200;DEL1;AAA;100;15;1.5;0
DEL1-0-AAA-NCO376;DEL1;AAA;100;15;1.5;0
DEL1-0-AAA-NIF5;DEL1;AAA;100;15;1.5;0
DEL1-0-AAA-Q110;DEL1;AAA;100;15;1.5;0
DEL1-0-AAA-R570;DEL1;AAA;100;15;1.5;0
DEL1-0-AAA-R573;DEL1;AAA;100;15;1.5;0
DEL1-0-AAA-R579;DEL1;AAA;100;15;1.5;0
DEL1-0-AAA-R83288;DEL1;AAA;100;15;1.5;0
DEL1-0-AAA-R932022;DEL1;AAA;100;15;1.5;0
DEL1-0-AAA-SM8116;DEL1;AAA;100;15;1.5;0
DEL1-0-AAA-SP733108;DEL1;AAA;100;15;1.5;0
DEL1-0-AAA-SP801842;DEL1;AAA;100;15;1.5;0
DEL1-1-AAA-B37172;DEL1;AAA;100;15;1.5;1
DEL1-1-AAA-CO312;DEL1;AAA;100;15;1.5;1
DEL1-1-AAA-CP76331;DEL1;AAA;100;15;1.5;1
DEL1-1-AAA-F152;DEL1;AAA;100;15;1.5;1
DEL1-1-AAA-F160;DEL1;AAA;100;15;1.5;1
DEL1-1-AAA-H564848;DEL1;AAA;100;15;1.5;1
DEL1-1-AAA-LF669657;DEL1;AAA;100;15;1.5;1
DEL1-1-AAA-M37664;DEL1;AAA;100;15;1.5;1
DEL1-1-AAA-MEX68200;DEL1;AAA;100;15;1.5;1
DEL1-1-AAA-NCO376;DEL1;AAA;100;15;1.5;1
DEL1-1-AAA-NIF5;DEL1;AAA;100;15;1.5;1
DEL1-1-AAA-Q110;DEL1;AAA;100;15;1.5;1
DEL1-1-AAA-R570;DEL1;AAA;100;15;1.5;1
DEL1-1-AAA-R573;DEL1;AAA;100;15;1.5;1
DEL1-1-AAA-R579;DEL1;AAA;100;15;1.5;1
DEL1-1-AAA-R83288;DEL1;AAA;100;15;1.5;1
DEL1-1-AAA-R932022;DEL1;AAA;100;15;1.5;1
DEL1-1-AAA-SM8116;DEL1;AAA;100;15;1.5;1
DEL1-1-AAA-SP733108;DEL1;AAA;100;15;1.5;1
DEL1-1-AAA-SP801842;DEL1;AAA;100;15;1.5;1
DEL1-2-AAA-B37172;DEL1;AAA;100;15;1.5;2
DEL1-2-AAA-CO312;DEL1;AAA;100;15;1.5;2
DEL1-2-AAA-CP76331;DEL1;AAA;100;15;1.5;2
DEL1-2-AAA-F152;DEL1;AAA;100;15;1.5;2
DEL1-2-AAA-F160;DEL1;AAA;100;15;1.5;2
DEL1-2-AAA-H564848;DEL1;AAA;100;15;1.5;2
DEL1-2-AAA-LF669657;DEL1;AAA;100;15;1.5;2
DEL1-2-AAA-M37664;DEL1;AAA;100;15;1.5;2
DEL1-2-AAA-MEX68200;DEL1;AAA;100;15;1.5;2
DEL1-2-AAA-NCO376;DEL1;AAA;100;15;1.5;2
DEL1-2-AAA-NIF5;DEL1;AAA;100;15;1.5;2
DEL1-2-AAA-Q110;DEL1;AAA;100;15;1.5;2
DEL1-2-AAA-R570;DEL1;AAA;100;15;1.5;2
DEL1-2-AAA-R573;DEL1;AAA;100;15;1.5;2
DEL1-2-AAA-R579;DEL1;AAA;100;15;1.5;2
DEL1-2-AAA-R83288;DEL1;AAA;100;15;1.5;2
DEL1-2-AAA-R932022;DEL1;AAA;100;15;1.5;2
DEL1-2-AAA-SM8116;DEL1;AAA;100;15;1.5;2
DEL1-2-AAA-SP733108;DEL1;AAA;100;15;1.5;2
DEL1-2-AAA-SP801842;DEL1;AAA;100;15;1.5;2
DEL1-3-AAA-B37172;DEL1;AAA;100;15;1.5;3
DEL1-3-AAA-CO312;DEL1;AAA;100;15;1.5;3
DEL1-3-AAA-CP76331;DEL1;AAA;100;15;1.5;3
DEL1-3-AAA-F152;DEL1;AAA;100;15;1.5;3
DEL1-3-AAA-F160;DEL1;AAA;100;15;1.5;3
DEL1-3-AAA-H564848;DEL1;AAA;100;15;1.5;3
DEL1-3-AAA-LF669657;DEL1;AAA;100;15;1.5;3
DEL1-3-AAA-M37664;DEL1;AAA;100;15;1.5;3
DEL1-3-AAA-MEX68200;DEL1;AAA;100;15;1.5;3
DEL1-3-AAA-NCO376;DEL1;AAA;100;15;1.5;3
DEL1-3-AAA-NIF5;DEL1;AAA;100;15;1.5;3
DEL1-3-AAA-Q110;DEL1;AAA;100;15;1.5;3
DEL1-3-AAA-R570;DEL1;AAA;100;15;1.5;3
DEL1-3-AAA-R573;DEL1;AAA;100;15;1.5;3
DEL1-3-AAA-R579;DEL1;AAA;100;15;1.5;3
DEL1-3-AAA-R83288;DEL1;AAA;100;15;1.5;3
DEL1-3-AAA-R932022;DEL1;AAA;100;15;1.5;3
DEL1-3-AAA-SM8116;DEL1;AAA;100;15;1.5;3
DEL1-3-AAA-SP733108;DEL1;AAA;100;15;1.5;3
DEL1-3-AAA-SP801842;DEL1;AAA;100;15;1.5;3
DEL2-0-AAA-B37172;DEL2;AAA;100;15;1.5;0
DEL2-0-AAA-CO312;DEL2;AAA;100;15;1.5;0
DEL2-0-AAA-CP76331;DEL2;AAA;100;15;1.5;0
DEL2-0-AAA-F152;DEL2;AAA;100;15;1.5;0
DEL2-0-AAA-F160;DEL2;AAA;100;15;1.5;0
DEL2-0-AAA-H564848;DEL2;AAA;100;15;1.5;0
DEL2-0-AAA-LF669657;DEL2;AAA;100;15;1.5;0
DEL2-0-AAA-M37664;DEL2;AAA;100;15;1.5;0
DEL2-0-AAA-MEX68200;DEL2;AAA;100;15;1.5;0
DEL2-0-AAA-NCO376;DEL2;AAA;100;15;1.5;0
DEL2-0-AAA-NIF5;DEL2;AAA;100;15;1.5;0
DEL2-0-AAA-Q110;DEL2;AAA;100;15;1.5;0
DEL2-0-AAA-R570;DEL2;AAA;100;15;1.5;0
DEL2-0-AAA-R573;DEL2;AAA;100;15;1.5;0
DEL2-0-AAA-R579;DEL2;AAA;100;15;1.5;0
DEL2-0-AAA-R83288;DEL2;AAA;100;15;1.5;0
DEL2-0-AAA-R932022;DEL2;AAA;100;15;1.5;0
DEL2-0-AAA-SM8116;DEL2;AAA;100;15;1.5;0
DEL2-0-AAA-SP733108;DEL2;AAA;100;15;1.5;0
DEL2-0-AAA-SP801842;DEL2;AAA;100;15;1.5;0
DEL2-1-AAA-B37172;DEL2;AAA;100;15;1.5;1
DEL2-1-AAA-CO312;DEL2;AAA;100;15;1.5;1
DEL2-1-AAA-CP76331;DEL2;AAA;100;15;1.5;1
DEL2-1-AAA-F152;DEL2;AAA;100;15;1.5;1
DEL2-1-AAA-F160;DEL2;AAA;100;15;1.5;1
DEL2-1-AAA-H564848;DEL2;AAA;100;15;1.5;1
DEL2-1-AAA-LF669657;DEL2;AAA;100;15;1.5;1
DEL2-1-AAA-M37664;DEL2;AAA;100;15;1.5;1
DEL2-1-AAA-MEX68200;DEL2;AAA;100;15;1.5;1
DEL2-1-AAA-NCO376;DEL2;AAA;100;15;1.5;1
DEL2-1-AAA-NIF5;DEL2;AAA;100;15;1.5;1
DEL2-1-AAA-Q110;DEL2;AAA;100;15;1.5;1
DEL2-1-AAA-R570;DEL2;AAA;100;15;1.5;1
DEL2-1-AAA-R573;DEL2;AAA;100;15;1.5;1
DEL2-1-AAA-R579;DEL2;AAA;100;15;1.5;1
DEL2-1-AAA-R83288;DEL2;AAA;100;15;1.5;1
DEL2-1-AAA-R932022;DEL2;AAA;100;15;1.5;1
DEL2-1-AAA-SM8116;DEL2;AAA;100;15;1.5;1
DEL2-1-AAA-SP733108;DEL2;AAA;100;15;1.5;1
DEL2-1-AAA-SP801842;DEL2;AAA;100;15;1.5;1
DEL2-2-AAA-B37172;DEL2;AAA;100;15;1.5;2
DEL2-2-AAA-CO312;DEL2;AAA;100;15;1.5;2
DEL2-2-AAA-CP76331;DEL2;AAA;100;15;1.5;2
DEL2-2-AAA-F152;DEL2;AAA;100;15;1.5;2
DEL2-2-AAA-F160;DEL2;AAA;100;15;1.5;2
DEL2-2-AAA-H564848;DEL2;AAA;100;15;1.5;2
DEL2-2-AAA-LF669657;DEL2;AAA;100;15;1.5;2
DEL2-2-AAA-M37664;DEL2;AAA;100;15;1.5;2
DEL2-2-AAA-MEX68200;DEL2;AAA;100;15;1.5;2
DEL2-2-AAA-NCO376;DEL2;AAA;100;15;1.5;2
DEL2-2-AAA-NIF5;DEL2;AAA;100;15;1.5;2
DEL2-2-AAA-Q110;DEL2;AAA;100;15;1.5;2
DEL2-2-AAA-R570;DEL2;AAA;100;15;1.5;2
DEL2-2-AAA-R573;DEL2;AAA;100;15;1.5;2
DEL2-2-AAA-R579;DEL2;AAA;100;15;1.5;2
DEL2-2-AAA-R83288;DEL2;AAA;100;15;1.5;2
DEL2-2-AAA-R932022;DEL2;AAA;100;15;1.5;2
DEL2-2-AAA-SM8116;DEL2;AAA;100;15;1.5;2
DEL2-2-AAA-SP733108;DEL2;AAA;100;15;1.5;2
DEL2-2-AAA-SP801842;DEL2;AAA;100;15;1.5;2
DEL2-3-AAA-B37172;DEL2;AAA;100;15;1.5;3
DEL2-3-AAA-CO312;DEL2;AAA;100;15;1.5;3
DEL2-3-AAA-CP76331;DEL2;AAA;100;15;1.5;3
DEL2-3-AAA-F152;DEL2;AAA;100;15;1.5;3
DEL2-3-AAA-F160;DEL2;AAA;100;15;1.5;3
DEL2-3-AAA-H564848;DEL2;AAA;100;15;1.5;3
DEL2-3-AAA-LF669657;DEL2;AAA;100;15;1.5;3
DEL2-3-AAA-M37664;DEL2;AAA;100;15;1.5;3
DEL2-3-AAA-MEX68200;DEL2;AAA;100;15;1.5;3
DEL2-3-AAA-NCO376;DEL2;AAA;100;15;1.5;3
DEL2-3-AAA-NIF5;DEL2;AAA;100;15;1.5;3
DEL2-3-AAA-Q110;DEL2;AAA;100;15;1.5;3
DEL2-3-AAA-R570;DEL2;AAA;100;15;1.5;3
DEL2-3-AAA-R573;DEL2;AAA;100;15;1.5;3
DEL2-3-AAA-R579;DEL2;AAA;100;15;1.5;3
DEL2-3-AAA-R83288;DEL2;AAA;100;15;1.5;3
DEL2-3-AAA-R932022;DEL2;AAA;100;15;1.5;3
DEL2-3-AAA-SM8116;DEL2;AAA;100;15;1.5;3
DEL2-3-AAA-SP733108;DEL2;AAA;100;15;1.5;3
DEL2-3-AAA-SP801842;DEL2;AAA;100;15;1.5;3
GGO1-0-IRI-B80;GGO1;IRI;100;9;1.5;0
GGO1-0-IRI-B82;GGO1;IRI;100;9;1.5;0
GGO1-0-IRI-R570;GGO1;IRI;100;9;1.5;0
GGO1-0-PLU-B80;GGO1;PLU;100;9;1.5;0
GGO1-0-PLU-B82;GGO1;PLU;100;9;1.5;0
GGO1-0-PLU-R570;GGO1;PLU;100;9;1.5;0
GRB1-0-AAA-R570;GRB1;AAA;100;9;1.5;0
GRB1-0-AAA-R579;GRB1;AAA;100;9;1.5;0
GSJ1-0-AAA-B80;GSJ1;AAA;100;9;1.5;0
GSJ1-0-AAA-B82;GSJ1;AAA;100;9;1.5;0
GSJ1-0-AAA-R570;GSJ1;AAA;100;9;1.5;0
GVER-0-AAA-R570;GVER;AAA;100;9;1.5;0
LBIR-0-IR1-R570;LBIR;IR1;100;9;1.5;0
LBIR-0-IR2-R570;LBIR;IR2;100;9;1.5;0
LBIR-0-IR3-R570;LBIR;IR3;100;9;1.5;0
LBIR-0-IR4-R570;LBIR;IR4;100;9;1.5;0
LBIR-0-IRI-R570;LBIR;IRI;100;9;1.5;0
LBIR-0-PLU-R570;LBIR;PLU;100;9;1.5;0
LBNV-0-N00-R570;LBNV;N00;100;9;1.5;0
LBNV-0-N00-R572;LBNV;N00;100;9;1.5;0
LBNV-0-N00-R573;LBNV;N00;100;9;1.5;0
LBNV-0-N00-R575;LBNV;N00;100;9;1.5;0
LBNV-0-N00-R577;LBNV;N00;100;9;1.5;0
LBNV-0-N00-R579;LBNV;N00;100;9;1.5;0
LBNV-0-N13-R570;LBNV;N13;100;9;1.5;0
LBNV-0-N13-R572;LBNV;N13;100;9;1.5;0
LBNV-0-N13-R573;LBNV;N13;100;9;1.5;0
LBNV-0-N13-R575;LBNV;N13;100;9;1.5;0
LBNV-0-N13-R577;LBNV;N13;100;9;1.5;0
LBNV-0-N13-R579;LBNV;N13;100;9;1.5;0
LBNV-0-N30-R570;LBNV;N30;100;9;1.5;0
LBNV-0-N30-R572;LBNV;N30;100;9;1.5;0
LBNV-0-N30-R573;LBNV;N30;100;9;1.5;0
LBNV-0-N30-R575;LBNV;N30;100;9;1.5;0
LBNV-0-N30-R577;LBNV;N30;100;9;1.5;0
LBNV-0-N30-R579;LBNV;N30;100;9;1.5;0
LINV-0-I00-R570;LINV;I00;100;9;1.5;0
LINV-0-I00-R575;LINV;I00;100;9;1.5;0
LINV-0-I00-R579;LINV;I00;100;9;1.5;0
LINV-0-I06-R570;LINV;I06;100;9;1.5;0
LINV-0-I06-R575;LINV;I06;100;9;1.5;0
LINV-0-I06-R579;LINV;I06;100;9;1.5;0
LINV-0-I13-R570;LINV;I13;100;9;1.5;0
LINV-0-I13-R575;LINV;I13;100;9;1.5;0
LINV-0-I13-R579;LINV;I13;100;9;1.5;0
LINV-0-P00-R570;LINV;P00;100;9;1.5;0
LINV-0-P00-R575;LINV;P00;100;9;1.5;0
LINV-0-P00-R579;LINV;P00;100;9;1.5;0
LINV-0-P06-R570;LINV;P06;100;9;1.5;0
LINV-0-P06-R575;LINV;P06;100;9;1.5;0
LINV-0-P06-R579;LINV;P06;100;9;1.5;0
LINV-0-P13-R570;LINV;P13;100;9;1.5;0
LINV-0-P13-R575;LINV;P13;100;9;1.5;0
LINV-0-P13-R579;LINV;P13;100;9;1.5;0
LSE1-0-AAA-R570;LSE1;AAA;100;9;1.5;0
MCT0-0-R11-CP70321;MCT0;R11;100;9;1.5;0
MCT0-0-R12-CP70321;MCT0;R12;100;9;1.5;0
MCT0-0-R21-CP70321;MCT0;R21;100;9;1.5;0
MCT0-0-R22-CP70321;MCT0;R22;100;9;1.5;0
MREG-0-IR1-CP70321;MREG;IR1;100;9;1.5;0
MREG-0-IR2-CP70321;MREG;IR2;100;9;1.5;0
MREG-0-IR3-CP70321;MREG;IR3;100;9;1.5;0
MREG-0-IR4-CP70321;MREG;IR4;100;9;1.5;0
MREG-0-IR5-CP70321;MREG;IR5;100;9;1.5;0
MSTR-0-ST1-CP70321;MSTR;ST1;100;9;1.5;0
MSTR-0-ST2-CP70321;MSTR;ST2;100;9;1.5;0
MSTR-0-ST3-CP70321;MSTR;ST3;100;9;1.5;0
NAYA-0-IRI-R570;NAYA;IRI;100;9;1.5;0
NAYA-0-PLU-R570;NAYA;PLU;100;9;1.5;0
SDM1-0-AAA-CO6806;SDM1;AAA;100;9;1.5;0
SDM1-0-AAA-N14;SDM1;AAA;100;9;1.5;0
SDM1-0-AAA-SP701284;SDM1;AAA;100;9;1.5;0
SYP1-1-AAA-R109001;SYP1;AAA;4.5;12;1.5;1
SYP1-1-AAA-R109003;SYP1;AAA;4.5;12;1.5;1
SYP1-1-AAA-R109005;SYP1;AAA;4.5;12;1.5;1
SYP1-1-AAA-R109901;SYP1;AAA;4.5;12;1.5;1
SYP1-1-AAA-R109902;SYP1;AAA;4.5;12;1.5;1
SYP1-1-AAA-R109903;SYP1;AAA;4.5;12;1.5;1
SYP1-1-AAA-R109904;SYP1;AAA;4.5;12;1.5;1
SYP1-1-AAA-R109905;SYP1;AAA;4.5;12;1.5;1
SYP1-1-AAA-R109906;SYP1;AAA;4.5;12;1.5;1
SYP1-1-AAA-R109907;SYP1;AAA;4.5;12;1.5;1
SYP1-1-AAA-R109908;SYP1;AAA;4.5;12;1.5;1
SYP1-1-AAA-R109909;SYP1;AAA;4.5;12;1.5;1
SYP1-1-AAA-R570;SYP1;AAA;4.5;12;1.5;1
SYP1-1-AAA-R585;SYP1;AAA;4.5;12;1.5;1
SYP1-1-AAA-WI78402;SYP1;AAA;4.5;12;1.5;1
SYP1-1-AAA-WI79460;SYP1;AAA;4.5;12;1.5;1
SYP1-1-AAA-WI79461;SYP1;AAA;4.5;12;1.5;1
SYP1-1-AAA-WI80542;SYP1;AAA;4.5;12;1.5;1
SYP1-1-AAA-WI81456;SYP1;AAA;4.5;12;1.5;1
SYP1-1-AAA-WI8615;SYP1;AAA;4.5;12;1.5;1
SYP1-2-AAA-R109001;SYP1;AAA;4.5;12;1.5;2
SYP1-2-AAA-R109003;SYP1;AAA;4.5;12;1.5;2
SYP1-2-AAA-R109005;SYP1;AAA;4.5;12;1.5;2
SYP1-2-AAA-R109901;SYP1;AAA;4.5;12;1.5;2
SYP1-2-AAA-R109902;SYP1;AAA;4.5;12;1.5;2
SYP1-2-AAA-R109903;SYP1;AAA;4.5;12;1.5;2
SYP1-2-AAA-R109904;SYP1;AAA;4.5;12;1.5;2
SYP1-2-AAA-R109905;SYP1;AAA;4.5;12;1.5;2
SYP1-2-AAA-R109906;SYP1;AAA;4.5;12;1.5;2
SYP1-2-AAA-R109907;SYP1;AAA;4.5;12;1.5;2
SYP1-2-AAA-R109908;SYP1;AAA;4.5;12;1.5;2
SYP1-2-AAA-R109909;SYP1;AAA;4.5;12;1.5;2
SYP1-2-AAA-R570;SYP1;AAA;4.5;12;1.5;2
SYP1-2-AAA-R585;SYP1;AAA;4.5;12;1.5;2
SYP1-2-AAA-WI78402;SYP1;AAA;4.5;12;1.5;2
SYP1-2-AAA-WI79460;SYP1;AAA;4.5;12;1.5;2
SYP1-2-AAA-WI79461;SYP1;AAA;4.5;12;1.5;2
SYP1-2-AAA-WI80542;SYP1;AAA;4.5;12;1.5;2
SYP1-2-AAA-WI81456;SYP1;AAA;4.5;12;1.5;2
SYP1-2-AAA-WI8615;SYP1;AAA;4.5;12;1.5;2
SYP1-3-AAA-R109001;SYP1;AAA;4.5;12;1.5;3
SYP1-3-AAA-R109003;SYP1;AAA;4.5;12;1.5;3
SYP1-3-AAA-R109005;SYP1;AAA;4.5;12;1.5;3
SYP1-3-AAA-R109901;SYP1;AAA;4.5;12;1.5;3
SYP1-3-AAA-R109902;SYP1;AAA;4.5;12;1.5;3
SYP1-3-AAA-R109903;SYP1;AAA;4.5;12;1.5;3
SYP1-3-AAA-R109904;SYP1;AAA;4.5;12;1.5;3
SYP1-3-AAA-R109905;SYP1;AAA;4.5;12;1.5;3
SYP1-3-AAA-R109906;SYP1;AAA;4.5;12;1.5;3
SYP1-3-AAA-R109907;SYP1;AAA;4.5;12;1.5;3
SYP1-3-AAA-R109908;SYP1;AAA;4.5;12;1.5;3
SYP1-3-AAA-R109909;SYP1;AAA;4.5;12;1.5;3
SYP1-3-AAA-R570;SYP1;AAA;4.5;12;1.5;3
SYP1-3-AAA-R585;SYP1;AAA;4.5;12;1.5;3
SYP1-3-AAA-WI78402;SYP1;AAA;4.5;12;1.5;3
SYP1-3-AAA-WI79460;SYP1;AAA;4.5;12;1.5;3
SYP1-3-AAA-WI79461;SYP1;AAA;4.5;12;1.5;3
SYP1-3-AAA-WI80542;SYP1;AAA;4.5;12;1.5;3
SYP1-3-AAA-WI81456;SYP1;AAA;4.5;12;1.5;3
SYP1-3-AAA-WI8615;SYP1;AAA;4.5;12;1.5;3
SYP2-1-AAA-R109001;SYP2;AAA;4.5;12;1.5;1
SYP2-1-AAA-R109003;SYP2;AAA;4.5;12;1.5;1
SYP2-1-AAA-R109005;SYP2;AAA;4.5;12;1.5;1
SYP2-1-AAA-R109901;SYP2;AAA;4.5;12;1.5;1
SYP2-1-AAA-R109902;SYP2;AAA;4.5;12;1.5;1
SYP2-1-AAA-R109903;SYP2;AAA;4.5;12;1.5;1
SYP2-1-AAA-R109904;SYP2;AAA;4.5;12;1.5;1
SYP2-1-AAA-R109905;SYP2;AAA;4.5;12;1.5;1
SYP2-1-AAA-R109906;SYP2;AAA;4.5;12;1.5;1
SYP2-1-AAA-R109907;SYP2;AAA;4.5;12;1.5;1
SYP2-1-AAA-R109908;SYP2;AAA;4.5;12;1.5;1
SYP2-1-AAA-R109909;SYP2;AAA;4.5;12;1.5;1
SYP2-1-AAA-R570;SYP2;AAA;4.5;12;1.5;1
SYP2-1-AAA-R585;SYP2;AAA;4.5;12;1.5;1
SYP2-1-AAA-WI78402;SYP2;AAA;4.5;12;1.5;1
SYP2-1-AAA-WI79460;SYP2;AAA;4.5;12;1.5;1
SYP2-1-AAA-WI79461;SYP2;AAA;4.5;12;1.5;1
SYP2-1-AAA-WI80542;SYP2;AAA;4.5;12;1.5;1
SYP2-1-AAA-WI81456;SYP2;AAA;4.5;12;1.5;1
SYP2-1-AAA-WI8615;SYP2;AAA;4.5;12;1.5;1
SYP2-2-AAA-R109001;SYP2;AAA;4.5;12;1.5;2
SYP2-2-AAA-R109003;SYP2;AAA;4.5;12;1.5;2
SYP2-2-AAA-R109005;SYP2;AAA;4.5;12;1.5;2
SYP2-2-AAA-R109901;SYP2;AAA;4.5;12;1.5;2
SYP2-2-AAA-R109902;SYP2;AAA;4.5;12;1.5;2
SYP2-2-AAA-R109903;SYP2;AAA;4.5;12;1.5;2
SYP2-2-AAA-R109904;SYP2;AAA;4.5;12;1.5;2
SYP2-2-AAA-R109905;SYP2;AAA;4.5;12;1.5;2
SYP2-2-AAA-R109906;SYP2;AAA;4.5;12;1.5;2
SYP2-2-AAA-R109907;SYP2;AAA;4.5;12;1.5;2
SYP2-2-AAA-R109908;SYP2;AAA;4.5;12;1.5;2
SYP2-2-AAA-R109909;SYP2;AAA;4.5;12;1.5;2
SYP2-2-AAA-R570;SYP2;AAA;4.5;12;1.5;2
SYP2-2-AAA-R585;SYP2;AAA;4.5;12;1.5;2
SYP2-2-AAA-WI78402;SYP2;AAA;4.5;12;1.5;2
SYP2-2-AAA-WI79460;SYP2;AAA;4.5;12;1.5;2
SYP2-2-AAA-WI79461;SYP2;AAA;4.5;12;1.5;2
SYP2-2-AAA-WI80542;SYP2;AAA;4.5;12;1.5;2
SYP2-2-AAA-WI81456;SYP2;AAA;4.5;12;1.5;2
SYP2-2-AAA-WI8615;SYP2;AAA;4.5;12;1.5;2
SYP2-3-AAA-R109001;SYP2;AAA;4.5;12;1.5;3
SYP2-3-AAA-R109003;SYP2;AAA;4.5;12;1.5;3
SYP2-3-AAA-R109005;SYP2;AAA;4.5;12;1.5;3
SYP2-3-AAA-R109901;SYP2;AAA;4.5;12;1.5;3
SYP2-3-AAA-R109902;SYP2;AAA;4.5;12;1.5;3
SYP2-3-AAA-R109903;SYP2;AAA;4.5;12;1.5;3
SYP2-3-AAA-R109904;SYP2;AAA;4.5;12;1.5;3
SYP2-3-AAA-R109905;SYP2;AAA;4.5;12;1.5;3
SYP2-3-AAA-R109906;SYP2;AAA;4.5;12;1.5;3
SYP2-3-AAA-R109907;SYP2;AAA;4.5;12;1.5;3
SYP2-3-AAA-R109908;SYP2;AAA;4.5;12;1.5;3
SYP2-3-AAA-R109909;SYP2;AAA;4.5;12;1.5;3
SYP2-3-AAA-R570;SYP2;AAA;4.5;12;1.5;3
SYP2-3-AAA-R585;SYP2;AAA;4.5;12;1.5;3
SYP2-3-AAA-WI78402;SYP2;AAA;4.5;12;1.5;3
SYP2-3-AAA-WI79460;SYP2;AAA;4.5;12;1.5;3
SYP2-3-AAA-WI79461;SYP2;AAA;4.5;12;1.5;3
SYP2-3-AAA-WI80542;SYP2;AAA;4.5;12;1.5;3
SYP2-3-AAA-WI81456;SYP2;AAA;4.5;12;1.5;3
SYP2-3-AAA-WI8615;SYP2;AAA;4.5;12;1.5;3
TIR1-0-AAA-R570;TIR1;AAA;100;9;1.5;0
TIR1-0-IRI-R570;TIR1;IRI;100;9;1.5;0
TIR1-0-SEV-R570;TIR1;SEV;100;9;1.5;0
SYP1-0-AAA-R109001;SYP1;AAA;4.5;12;1.5;0
SYP1-0-AAA-R109003;SYP1;AAA;4.5;12;1.5;0
SYP1-0-AAA-R109005;SYP1;AAA;4.5;12;1.5;0
SYP1-0-AAA-R109901;SYP1;AAA;4.5;12;1.5;0
SYP1-0-AAA-R109902;SYP1;AAA;4.5;12;1.5;0
SYP1-0-AAA-R109903;SYP1;AAA;4.5;12;1.5;0
SYP1-0-AAA-R109904;SYP1;AAA;4.5;12;1.5;0
SYP1-0-AAA-R109905;SYP1;AAA;4.5;12;1.5;0
SYP1-0-AAA-R109906;SYP1;AAA;4.5;12;1.5;0
SYP1-0-AAA-R109907;SYP1;AAA;4.5;12;1.5;0
SYP1-0-AAA-R109908;SYP1;AAA;4.5;12;1.5;0
SYP1-0-AAA-R109909;SYP1;AAA;4.5;12;1.5;0
SYP1-0-AAA-R570;SYP1;AAA;4.5;12;1.5;0
SYP1-0-AAA-R585;SYP1;AAA;4.5;12;1.5;0
SYP1-0-AAA-WI78402;SYP1;AAA;4.5;12;1.5;0
SYP1-0-AAA-WI79460;SYP1;AAA;4.5;12;1.5;0
SYP1-0-AAA-WI79461;SYP1;AAA;4.5;12;1.5;0
SYP1-0-AAA-WI80542;SYP1;AAA;4.5;12;1.5;0
SYP1-0-AAA-WI81456;SYP1;AAA;4.5;12;1.5;0
SYP1-0-AAA-WI8615;SYP1;AAA;4.5;12;1.5;0
SYP2-0-AAA-R109001;SYP2;AAA;4.5;12;1.5;0
SYP2-0-AAA-R109003;SYP2;AAA;4.5;12;1.5;0
SYP2-0-AAA-R109005;SYP2;AAA;4.5;12;1.5;0
SYP2-0-AAA-R109901;SYP2;AAA;4.5;12;1.5;0
SYP2-0-AAA-R109902;SYP2;AAA;4.5;12;1.5;0
SYP2-0-AAA-R109903;SYP2;AAA;4.5;12;1.5;0
SYP2-0-AAA-R109904;SYP2;AAA;4.5;12;1.5;0
SYP2-0-AAA-R109905;SYP2;AAA;4.5;12;1.5;0
SYP2-0-AAA-R109906;SYP2;AAA;4.5;12;1.5;0
SYP2-0-AAA-R109907;SYP2;AAA;4.5;12;1.5;0
SYP2-0-AAA-R109908;SYP2;AAA;4.5;12;1.5;0
SYP2-0-AAA-R109909;SYP2;AAA;4.5;12;1.5;0
SYP2-0-AAA-R570;SYP2;AAA;4.5;12;1.5;0
SYP2-0-AAA-R585;SYP2;AAA;4.5;12;1.5;0
SYP2-0-AAA-WI78402;SYP2;AAA;4.5;12;1.5;0
SYP2-0-AAA-WI79460;SYP2;AAA;4.5;12;1.5;0
SYP2-0-AAA-WI79461;SYP2;AAA;4.5;12;1.5;0
SYP2-0-AAA-WI80542;SYP2;AAA;4.5;12;1.5;0
SYP2-0-AAA-WI81456;SYP2;AAA;4.5;12;1.5;0
SYP2-0-AAA-WI8615;SYP2;AAA;4.5;12;1.5;0
GRA2-0-A04-R579;GRA2;AAA;9;9;1.5;0
GRA2-0-A07-R579;GRA2;AAA;9;9;1.5;0
GRA2-0-AAA-R579;GRA2;AAA;9;9;1.5;0
GRA6-0-AAA-BBZ92076;GRA6;AAA;9;9;1.5;0
GRA6-0-AAA-WI79460;GRA6;AAA;9;9;1.5;0
GRA6-0-AAA-WI81456;GRA6;AAA;9;9;1.5;0
GRAJ-0-AAA-BBZ92076;GRAJ;AAA;9;9;1.5;0
GRAN-0-AAA-BBZ92076;GRAN;AAA;9;9;1.5;0
GRR1-0-AAA-BBZ92076;GRR1;AAA;9;9;1.5;0
GRR1-0-AAA-WI79460;GRR1;AAA;9;9;1.5;0
GRR1-0-AAA-WI79461;GRR1;AAA;9;9;1.5;0
GRR1-0-AAA-WI81456;GRR1;AAA;9;9;1.5;0
GRV3-0-AAA-R579;GRV3;AAA;9;9;1.5;0
GRV4-0-AAA-R579;GRV4;AAA;9;9;1.5;0
GRV4-0-AAA-WI79460;GRV4;AAA;9;9;1.5;0
GRV4-0-AAA-WI79461;GRV4;AAA;9;9;1.5;0
GRV4-0-AAA-WI81456;GRV4;AAA;9;9;1.5;0
GRV5-0-AAA-BBZ92076;GRV5;AAA;9;9;1.5;0
GRV5-0-AAA-R579;GRV5;AAA;9;9;1.5;0
GRV6-0-AAA-BBZ92076;GRV6;AAA;9;9;1.5;0
GRV6-0-AAA-WI79460;GRV6;AAA;9;9;1.5;0
GRV6-0-AAA-WI79461;GRV6;AAA;9;9;1.5;0
GRV6-0-AAA-WI81456;GRV6;AAA;9;9;1.5;0
GRV7-0-AAA-BBZ92076;GRV7;AAA;9;9;1.5;0
GRV7-0-AAA-WI79460;GRV7;AAA;9;9;1.5;0
GRV7-0-AAA-WI81456;GRV7;AAA;9;9;1.5;0
GRV8-0-AAA-BBZ92076;GRV8;AAA;9;9;1.5;0
GRV8-0-AAA-WI79460;GRV8;AAA;9;9;1.5;0
GRV8-0-AAA-WI79461;GRV8;AAA;9;9;1.5;0
GRV8-0-AAA-WI81456;GRV8;AAA;9;9;1.5;0
HOUG-0-P01-HOCP96540;HOUG;P01;0;9;1.8;0
HOUG-0-P02-HOCP96540;HOUG;P02;0;9;1.8;0
KOMG-0-IR1-N25;KOMG;IR1;0;9;0.9;0
KOMG-0-IR2-N25;KOMG;IR2;0;9;0.9;0
KOMG-0-IR3-N25;KOMG;IR3;0;9;0.9;0
LAMG-0-SD1-NCO376;LAMG;SD1;0;9;1.2;0
LAMG-0-SD2-NCO376;LAMG;SD2;0;9;1.2;0
LAMG-0-SD3-NCO376;LAMG;SD3;0;9;1.2;0
LAMG-0-SD4-NCO376;LAMG;SD4;0;9;1.2;0
LAMG-0-SD5-NCO376;LAMG;SD5;0;9;1.2;0
LAMG-0-SD6-NCO376;LAMG;SD6;0;9;1.2;0
LAMG-0-SD7-NCO376;LAMG;SD7;0;9;1.2;0
LAMG-0-SD8-NCO376;LAMG;SD8;0;9;1.2;0
PIRG-0-IRR-RB72454;PIRG;IRR;0;9;1.4;0
PIRG-0-PLU-RB72454;PIRG;PLU;0;9;1.4;0
SCSG-0-RS1-CR74250;SCSG;RS1;0;9;1.5;0
SCSG-0-RS2-CR74250;SCSG;RS2;0;9;1.65;0
SCSG-0-RS3-CR74250;SCSG;RS3;0;9;1.8;0
SCSG-0-RS4-CR74250;SCSG;RS4;0;9;0.9;0
AYRG-0-N01-Q117;AYRG;N01;0;9;1.5;0
AYRG-0-N02-Q117;AYRG;N02;0;9;1.5;0
AYRG-0-N03-Q117;AYRG;N03;0;9;1.5;0
CHIG-0-ZN6-ZN6;CHIG;ZN6;0;9;1.5;0
CHIG-0-ZN7-ZN7;CHIG;ZN7;0;9;1.5;0
INGG-0-N01-Q117;INGG;N01;0;9;1.47;0
INGG-0-N02-Q117;INGG;N02;0;9;1.47;0
INGG-0-N03-Q117;INGG;N03;0;9;1.47;0
SYP2-1-AAA-R586;SYP2;AAA;4.5;12;1.5;1
SYP2-2-AAA-R586;SYP2;AAA;4.5;12;1.5;2
SYP2-3-AAA-R586;SYP2;AAA;4.5;12;1.5;3
SYP2-0-AAA-R586;SYP2;AAA;4.5;12;1.5;0
DSLM-0-AAA-R570;DSLM;AAA;100;9;1.5;0
DSLM-0-AAA-R579;DSLM;AAA;100;9;1.5;0
DSLM-0-AAA-R585;DSLM;AAA;100;9;1.5;0
DSME-0-AAA-R570;DSME;AAA;100;9;1.5;0
DSME-0-AAA-R579;DSME;AAA;100;9;1.5;0
DSME-0-AAA-R585;DSME;AAA;100;9;1.5;0
DSES-0-AAA-R570;DSES;AAA;100;9;1.5;0
DSES-0-AAA-R579;DSES;AAA;100;9;1.5;0
DSES-0-AAA-R585;DSES;AAA;100;9;1.5;0
DSVB-0-AAA-R570;DSVB;AAA;100;9;1.5;0
DSVB-0-AAA-R579;DSVB;AAA;100;9;1.5;0
DSVB-0-AAA-R585;DSVB;AAA;100;9;1.5;0
