decade;tmind;tmaxd;tmeand;rhmind;rhmaxd;rhmeand;windmeand;windmaxd;radmeand;etomeand;rainfallmeand;wscode
1;19.1;29.72;NA;NA;NA;NA;NA;NA;18.9;3.38;11.58;201
2;18.65;28.98;NA;NA;NA;NA;NA;NA;18.58;3.22;5.8;201
3;19.38;28.55;NA;NA;NA;NA;NA;NA;15.15;2.48;11.48;201
4;17.86;29.97;NA;NA;NA;NA;NA;NA;21.95;3.91;4.75;201
5;18.13;30.18;NA;NA;NA;NA;NA;NA;20.29;3.57;4.55;201
6;18.19;30.18;NA;NA;NA;NA;NA;NA;18.99;3.28;4.21;201
7;18.08;31.11;NA;NA;NA;NA;NA;NA;20.17;3.58;4.94;201
8;18.87;30.45;NA;NA;NA;NA;NA;NA;17.83;3.14;6.2;201
9;16.62;29.12;NA;NA;NA;NA;NA;NA;18.84;3.12;3.6;201
10;16.87;30.04;NA;NA;NA;NA;NA;NA;17.9;2.99;2.36;201
11;16.17;30.05;NA;NA;NA;NA;NA;NA;17.53;2.84;1.53;201
12;14.59;28.79;NA;NA;NA;NA;NA;NA;15.76;2.36;0.73;201
13;12.18;26.07;NA;NA;NA;NA;NA;NA;14.41;1.9;2.24;201
14;12;27.23;NA;NA;NA;NA;NA;NA;14.46;1.96;1.52;201
15;10.32;24.32;NA;NA;NA;NA;NA;NA;12.3;1.45;4.55;201
16;11.11;26.42;NA;NA;NA;NA;NA;NA;12.85;1.69;1.71;201
17;10.34;26.92;NA;NA;NA;NA;NA;NA;12.92;1.72;0.91;201
18;9.79;26.07;NA;NA;NA;NA;NA;NA;12.55;1.67;0.76;201
19;9.6;25.37;NA;NA;NA;NA;NA;NA;11.82;1.69;1.22;201
20;9.18;23.38;NA;NA;NA;NA;NA;NA;11.57;1.65;1.36;201
21;8.96;25.91;NA;NA;NA;NA;NA;NA;13.95;2.08;0.68;201
22;10.11;26.49;NA;NA;NA;NA;NA;NA;14.2;2.23;2.42;201
23;9.65;27.67;NA;NA;NA;NA;NA;NA;16.8;2.7;0.02;201
24;11.91;28.54;NA;NA;NA;NA;NA;NA;14.87;2.79;0.95;201
25;12.14;28.75;NA;NA;NA;NA;NA;NA;16.69;3.2;0.9;201
26;14.09;28;NA;NA;NA;NA;NA;NA;15.38;3.09;1.4;201
27;14.75;29.04;NA;NA;NA;NA;NA;NA;16.28;3.36;0.3;201
28;15.68;30.12;NA;NA;NA;NA;NA;NA;17.47;3.62;2.82;201
29;16.76;30.05;NA;NA;NA;NA;NA;NA;17.47;3.78;3.63;201
30;17.42;29.94;NA;NA;NA;NA;NA;NA;18.06;3.74;4.44;201
31;16.38;28.9;NA;NA;NA;NA;NA;NA;19.45;4.02;0.97;201
32;17.96;29.07;NA;NA;NA;NA;NA;NA;18;3.59;8.83;201
33;18.61;30.03;NA;NA;NA;NA;NA;NA;19.51;3.91;6.09;201
34;19.55;29.59;NA;NA;NA;NA;NA;NA;17.59;3.42;4.19;201
35;18.54;30.37;NA;NA;NA;NA;NA;NA;20.6;3.96;6.57;201
36;18.3;30.09;NA;NA;NA;NA;NA;NA;21.55;3.95;4.69;201
1;18.89;25.85;NA;NA;NA;NA;NA;NA;19.76;4.07;4.9;974002
2;19.68;26.35;NA;NA;NA;NA;NA;NA;18.45;3.77;10.83;974002
3;19.88;26.54;NA;NA;NA;NA;NA;NA;20.23;4.2;9.34;974002
4;20.19;26.08;NA;NA;NA;NA;NA;NA;18.55;3.8;16.18;974002
5;20.08;25.75;NA;NA;NA;NA;NA;NA;16.43;3.31;19.43;974002
6;19.03;26.19;NA;NA;NA;NA;NA;NA;22.72;4.76;3.76;974002
7;19.42;26.32;NA;NA;NA;NA;NA;NA;20.12;4.16;14.28;974002
8;20.01;25.11;NA;NA;NA;NA;NA;NA;14.62;2.9;21.9;974002
9;19;25.96;NA;NA;NA;NA;NA;NA;20.16;4.16;7.86;974002
10;18.63;25.86;NA;NA;NA;NA;NA;NA;21.08;4.38;2.9;974002
11;17.74;25.97;NA;NA;NA;NA;NA;NA;18.82;3.85;1.58;974002
12;18.23;25.59;NA;NA;NA;NA;NA;NA;16;3.2;7.23;974002
13;17.28;24.43;NA;NA;NA;NA;NA;NA;14.79;2.92;4.98;974002
14;16.63;24.74;NA;NA;NA;NA;NA;NA;13.5;2.62;3.33;974002
15;16.58;24.06;NA;NA;NA;NA;NA;NA;12.93;2.49;2.09;974002
16;15.72;23.21;NA;NA;NA;NA;NA;NA;14.07;2.75;1.45;974002
17;15.35;22.72;NA;NA;NA;NA;NA;NA;14.93;2.95;1.6;974002
18;14.46;22.72;NA;NA;NA;NA;NA;NA;13.21;2.56;4.15;974002
19;14.52;21;NA;NA;NA;NA;NA;NA;13.45;2.61;7.23;974002
20;14.36;21.65;NA;NA;NA;NA;NA;NA;13.86;2.71;7.03;974002
21;14.07;20.44;NA;NA;NA;NA;NA;NA;15.3;3.06;5.91;974002
22;14.27;21.68;NA;NA;NA;NA;NA;NA;16.94;3.44;4.7;974002
23;14.52;21.66;NA;NA;NA;NA;NA;NA;17.73;3.63;2.9;974002
24;14.75;21.68;NA;NA;NA;NA;NA;NA;16.94;3.44;5.14;974002
25;13.87;21.3;NA;NA;NA;NA;NA;NA;14.74;2.93;10.65;974002
26;15.34;21.92;NA;NA;NA;NA;NA;NA;16.78;3.41;9.15;974002
27;15.89;22.43;NA;NA;NA;NA;NA;NA;19.2;3.97;5.35;974002
28;14.27;22.75;NA;NA;NA;NA;NA;NA;17.84;3.65;1.55;974002
29;14.38;22.43;NA;NA;NA;NA;NA;NA;19.74;4.09;1.22;974002
30;15.73;23.72;NA;NA;NA;NA;NA;NA;19.57;4.05;4.09;974002
31;15.96;24.07;NA;NA;NA;NA;NA;NA;19.04;3.93;2;974002
32;17.02;24.15;NA;NA;NA;NA;NA;NA;20.9;4.35;7.48;974002
33;17.08;24.31;NA;NA;NA;NA;NA;NA;24.66;5.21;5.18;974002
34;17.13;24.31;NA;NA;NA;NA;NA;NA;17.67;3.58;10.73;974002
35;18.49;24.65;NA;NA;NA;NA;NA;NA;14.62;2.89;12.35;974002
36;18.85;25.71;NA;NA;NA;NA;NA;NA;22.34;4.67;4.2;974002
1;18.04;24.73;NA;NA;NA;NA;125.54;NA;14.96;3.13;5.33;97413520
2;18;25.07;NA;NA;NA;NA;118.46;NA;15.63;3.25;2.87;97413520
3;18.51;25.36;NA;NA;NA;NA;134.37;NA;14.78;3.17;6.29;97413520
4;18.67;25.42;NA;NA;NA;NA;123.45;NA;14.42;3.08;5.87;97413520
5;18.64;25.28;NA;NA;NA;NA;131.4;NA;14.59;3.09;7.78;97413520
6;18.29;25.29;NA;NA;NA;NA;135.22;NA;14.83;3.1;5.42;97413520
7;18.38;25.27;NA;NA;NA;NA;132.02;NA;14.33;3.01;6.51;97413520
8;18.09;25.14;NA;NA;NA;NA;125.85;NA;14.64;3.01;4.61;97413520
9;17.65;24.76;NA;NA;NA;NA;114.67;NA;13.48;2.74;2.49;97413520
10;17.07;24.53;NA;NA;NA;NA;123.31;NA;14.11;2.81;2.67;97413520
11;17.09;24.08;NA;NA;NA;NA;112.25;NA;12.45;2.45;2.22;97413520
12;16.6;23.76;NA;NA;NA;NA;115.83;NA;12.55;2.46;2.03;97413520
13;15.88;23.17;NA;NA;NA;NA;113.48;NA;12.74;2.38;1.5;97413520
14;15.27;22.56;NA;NA;NA;NA;119.5;NA;11.96;2.19;1.28;97413520
15;14.47;21.88;NA;NA;NA;NA;132.41;NA;11.98;2.17;0.74;97413520
16;13.88;21.22;NA;NA;NA;NA;136.09;NA;11.73;2.08;1.17;97413520
17;13.25;20.53;NA;NA;NA;NA;133.75;NA;11.37;2.03;0.69;97413520
18;12.88;20.3;NA;NA;NA;NA;140.83;NA;11.51;2.01;1.29;97413520
19;12.47;20.01;NA;NA;NA;NA;139.02;NA;11.92;2.06;0.44;97413520
20;12.63;20.05;NA;NA;NA;NA;133.91;NA;11.8;2.09;0.76;97413520
21;12.31;19.85;NA;NA;NA;NA;138.56;NA;12.3;2.15;0.38;97413520
22;12.41;19.85;NA;NA;NA;NA;136.41;NA;12.31;2.18;0.32;97413520
23;12.35;19.99;NA;NA;NA;NA;134.51;NA;12.78;2.33;0.7;97413520
24;12.36;19.85;NA;NA;NA;NA;135.4;NA;13.23;2.41;0.87;97413520
25;12.32;20.12;NA;NA;NA;NA;135.41;NA;13.74;2.55;0.98;97413520
26;12.86;20.27;NA;NA;NA;NA;133.73;NA;13.59;2.56;0.75;97413520
27;12.83;20.33;NA;NA;NA;NA;138.97;NA;14.29;2.66;0.87;97413520
28;13.17;20.53;NA;NA;NA;NA;128.78;NA;13.77;2.64;0.72;97413520
29;13.7;21.14;NA;NA;NA;NA;128.6;NA;14.26;2.78;0.59;97413520
30;14.29;21.26;NA;NA;NA;NA;125.65;NA;13.59;2.67;1.07;97413520
31;14.27;21.46;NA;NA;NA;NA;125.56;NA;13.37;2.71;1.38;97413520
32;15.07;22.43;NA;NA;NA;NA;128.26;NA;14.22;2.89;1.46;97413520
33;15.7;22.81;NA;NA;NA;NA;127.37;NA;14.03;2.91;2.61;97413520
34;16.5;23.25;NA;NA;NA;NA;122.48;NA;13.56;2.85;3.45;97413520
35;17.24;24.15;NA;NA;NA;NA;130.31;NA;14.6;3.04;3.23;97413520
36;17.73;24.58;NA;NA;NA;NA;121.91;NA;14.7;3.08;4.54;97413520
1;23.1;29.81;NA;NA;NA;NA;319.5;NA;22.27;4.9;6.53;97418123
2;23.12;30.06;NA;NA;NA;NA;278.86;NA;24.25;5.19;5.64;97418123
3;23.39;30.16;NA;NA;NA;NA;292;NA;23.04;4.96;8.51;97418123
4;23.6;30.48;NA;NA;NA;NA;283.03;NA;23.37;5.13;6.99;97418123
5;23.25;30;NA;NA;NA;NA;275.32;NA;21;4.67;8.7;97418123
6;23.15;30.13;NA;NA;NA;NA;291.45;NA;21.95;4.8;8.31;97418123
7;23.21;30.03;NA;NA;NA;NA;286.38;NA;21.69;4.69;5.72;97418123
8;22.91;29.82;NA;NA;NA;NA;262.37;NA;20.43;4.48;5.75;97418123
9;22.72;29.76;NA;NA;NA;NA;249.89;NA;20.95;4.39;2.64;97418123
10;22.15;29.38;NA;NA;NA;NA;284.12;NA;19.92;4.3;4.05;97418123
11;21.95;29.03;NA;NA;NA;NA;252.42;NA;18.15;3.85;3.26;97418123
12;21.75;28.93;NA;NA;NA;NA;249.24;NA;18.09;3.82;2.12;97418123
13;20.96;27.72;NA;NA;NA;NA;280.32;NA;16.33;3.49;4.13;97418123
14;20.41;27.22;NA;NA;NA;NA;259.26;NA;15.49;3.25;3.38;97418123
15;20.01;27.08;NA;54.14;90.29;NA;247.63;NA;15.39;3.12;2.02;97418123
16;18.98;26.42;NA;54.83;89;NA;247.46;NA;15.48;3.05;1.02;97418123
17;18.62;25.83;NA;NA;NA;NA;274.12;NA;14.92;2.95;1.77;97418123
18;18.17;25.43;NA;62.67;94.33;NA;273.52;NA;15.22;2.95;2.19;97418123
19;17.86;24.97;NA;57.5;89.8;NA;287.27;NA;15.18;3.02;2;97418123
20;18.03;24.93;NA;59.6;90;NA;292.15;NA;15.38;2.99;2.47;97418123
21;17.77;25.04;NA;52.91;91.09;NA;295.84;NA;16.74;3.28;1.31;97418123
22;17.77;24.95;NA;55.8;94;NA;306.78;NA;16.8;3.36;1.76;97418123
23;17.99;25.34;NA;56.3;92.7;NA;291.85;NA;17.75;3.53;1.97;97418123
24;17.88;25.09;NA;59.91;90;NA;307.04;NA;18.46;3.73;2.3;97418123
25;18.07;25.6;NA;52.9;88.6;NA;296.95;NA;20.05;3.95;1.65;97418123
26;18.13;25.6;NA;59.8;92.4;NA;292.28;NA;19.72;3.97;1.95;97418123
27;18.4;26.11;NA;49.9;81.3;NA;306.45;NA;21.88;4.39;1.54;97418123
28;18.73;26.49;NA;57.1;87.5;NA;313.15;NA;22.08;4.56;0.64;97418123
29;19.02;26.42;NA;62.3;90.2;NA;300.05;NA;21.23;4.37;1.33;97418123
30;19.73;27.3;NA;63;89.55;NA;314.67;NA;22.64;4.73;0.74;97418123
31;19.91;27.58;NA;56;85.7;NA;315.58;NA;23.39;4.87;0.93;97418123
32;20.6;28.16;NA;56;84.4;NA;292.25;NA;23.21;4.97;1.9;97418123
33;21.26;28.51;NA;61;91.2;NA;298.49;NA;23.42;4.99;2.72;97418123
34;21.77;28.82;NA;60.8;92.7;NA;291.35;NA;23.02;4.89;5.27;97418123
35;22.19;29.04;NA;73.1;96.7;NA;264.76;NA;22.6;4.8;4.18;97418123
36;22.66;29.66;NA;57.73;84.64;NA;284.92;NA;23.54;5.08;5.09;97418123
1;18.89;25.85;NA;NA;NA;NA;NA;NA;19.76;4.07;4.9;974003
2;19.68;26.35;NA;NA;NA;NA;NA;NA;18.45;3.77;10.83;974003
3;19.88;26.54;NA;NA;NA;NA;NA;NA;20.23;4.2;9.34;974003
4;20.19;26.08;NA;NA;NA;NA;NA;NA;18.55;3.8;16.18;974003
5;20.08;25.75;NA;NA;NA;NA;NA;NA;16.43;3.31;19.43;974003
6;19.03;26.19;NA;NA;NA;NA;NA;NA;22.72;4.76;3.76;974003
7;19.42;26.32;NA;NA;NA;NA;NA;NA;20.12;4.16;14.28;974003
8;20.01;25.11;NA;NA;NA;NA;NA;NA;14.62;2.9;21.9;974003
9;19;25.96;NA;NA;NA;NA;NA;NA;20.16;4.16;7.86;974003
10;18.63;25.86;NA;NA;NA;NA;NA;NA;21.08;4.38;2.9;974003
11;17.74;25.97;NA;NA;NA;NA;NA;NA;18.82;3.85;1.58;974003
12;18.23;25.59;NA;NA;NA;NA;NA;NA;16;3.2;7.23;974003
13;17.28;24.43;NA;NA;NA;NA;NA;NA;14.79;2.92;4.98;974003
14;16.63;24.74;NA;NA;NA;NA;NA;NA;13.5;2.62;3.33;974003
15;16.58;24.06;NA;NA;NA;NA;NA;NA;12.93;2.49;2.09;974003
16;15.72;23.21;NA;NA;NA;NA;NA;NA;14.07;2.75;1.45;974003
17;15.35;22.72;NA;NA;NA;NA;NA;NA;14.93;2.95;1.6;974003
18;14.46;22.72;NA;NA;NA;NA;NA;NA;13.21;2.56;4.15;974003
19;14.52;21;NA;NA;NA;NA;NA;NA;13.45;2.61;7.23;974003
20;14.36;21.65;NA;NA;NA;NA;NA;NA;13.86;2.71;7.03;974003
21;14.07;20.44;NA;NA;NA;NA;NA;NA;15.3;3.06;5.91;974003
22;14.27;21.68;NA;NA;NA;NA;NA;NA;16.94;3.44;4.7;974003
23;14.52;21.66;NA;NA;NA;NA;NA;NA;17.73;3.63;2.9;974003
24;14.75;21.68;NA;NA;NA;NA;NA;NA;16.94;3.44;5.14;974003
25;13.87;21.3;NA;NA;NA;NA;NA;NA;14.74;2.93;10.65;974003
26;15.34;21.92;NA;NA;NA;NA;NA;NA;16.78;3.41;9.15;974003
27;15.89;22.43;NA;NA;NA;NA;NA;NA;19.2;3.97;5.35;974003
28;14.27;22.75;NA;NA;NA;NA;NA;NA;17.84;3.65;1.55;974003
29;14.38;22.43;NA;NA;NA;NA;NA;NA;19.74;4.09;1.22;974003
30;15.73;23.72;NA;NA;NA;NA;NA;NA;19.57;4.05;4.09;974003
31;15.96;24.07;NA;NA;NA;NA;NA;NA;19.04;3.93;2;974003
32;17.02;24.15;NA;NA;NA;NA;NA;NA;20.9;4.35;7.48;974003
33;17.08;24.31;NA;NA;NA;NA;NA;NA;24.66;5.21;5.18;974003
34;17.13;24.31;NA;NA;NA;NA;NA;NA;17.67;3.58;10.73;974003
35;18.49;24.65;NA;NA;NA;NA;NA;NA;14.62;2.89;12.35;974003
36;18.85;25.71;NA;NA;NA;NA;NA;NA;22.34;4.67;4.2;974003
1;NA;NA;NA;NA;NA;NA;NA;NA;NA;NA;NA;97416455
2;NA;NA;NA;NA;NA;NA;NA;NA;NA;NA;NA;97416455
3;NA;NA;NA;NA;NA;NA;NA;NA;NA;NA;NA;97416455
4;NA;NA;NA;NA;NA;NA;NA;NA;NA;NA;NA;97416455
5;NA;NA;NA;NA;NA;NA;NA;NA;NA;NA;NA;97416455
6;NA;NA;NA;NA;NA;NA;NA;NA;NA;NA;NA;97416455
7;NA;NA;NA;NA;NA;NA;NA;NA;NA;NA;NA;97416455
8;NA;NA;NA;NA;NA;NA;NA;NA;NA;NA;NA;97416455
9;NA;NA;NA;NA;NA;NA;NA;NA;NA;NA;NA;97416455
10;NA;NA;NA;NA;NA;NA;NA;NA;NA;NA;NA;97416455
11;NA;NA;NA;NA;NA;NA;NA;NA;NA;NA;NA;97416455
12;NA;NA;NA;NA;NA;NA;NA;NA;NA;NA;NA;97416455
13;NA;NA;NA;NA;NA;NA;NA;NA;NA;NA;NA;97416455
14;NA;NA;NA;NA;NA;NA;NA;NA;NA;NA;NA;97416455
15;NA;NA;NA;NA;NA;NA;NA;NA;NA;NA;NA;97416455
16;NA;NA;NA;NA;NA;NA;NA;NA;NA;NA;NA;97416455
17;NA;NA;NA;NA;NA;NA;NA;NA;NA;NA;NA;97416455
18;NA;NA;NA;NA;NA;NA;NA;NA;NA;NA;NA;97416455
19;NA;NA;NA;NA;NA;NA;NA;NA;NA;NA;NA;97416455
20;NA;NA;NA;NA;NA;NA;NA;NA;NA;NA;NA;97416455
21;NA;NA;NA;NA;NA;NA;NA;NA;NA;NA;NA;97416455
22;NA;NA;NA;NA;NA;NA;NA;NA;NA;NA;NA;97416455
23;NA;NA;NA;NA;NA;NA;NA;NA;NA;NA;NA;97416455
24;NA;NA;NA;NA;NA;NA;NA;NA;NA;NA;NA;97416455
25;NA;NA;NA;NA;NA;NA;NA;NA;NA;NA;NA;97416455
26;NA;NA;NA;NA;NA;NA;NA;NA;NA;NA;NA;97416455
27;NA;NA;NA;NA;NA;NA;NA;NA;NA;NA;NA;97416455
28;NA;NA;NA;NA;NA;NA;NA;NA;NA;NA;NA;97416455
29;NA;NA;NA;NA;NA;NA;NA;NA;NA;NA;NA;97416455
30;NA;NA;NA;NA;NA;NA;NA;NA;NA;NA;NA;97416455
31;NA;NA;NA;NA;NA;NA;NA;NA;NA;NA;NA;97416455
32;NA;NA;NA;NA;NA;NA;NA;NA;NA;NA;NA;97416455
33;NA;NA;NA;NA;NA;NA;NA;NA;NA;NA;NA;97416455
34;NA;NA;NA;NA;NA;NA;NA;NA;NA;NA;NA;97416455
35;NA;NA;NA;NA;NA;NA;NA;NA;NA;NA;NA;97416455
36;NA;NA;NA;NA;NA;NA;NA;NA;NA;NA;NA;97416455
1;21.72;30.34;NA;67.93;95.4;NA;152.43;NA;22.61;4.89;3.02;97416465
2;21.71;30.42;NA;64.49;93.23;NA;162.65;NA;23.62;5.09;2.41;97416465
3;22.11;30.52;NA;69.14;95.41;NA;164.15;NA;22.31;4.8;3.4;97416465
4;22.23;30.67;NA;66.7;95.08;NA;147.29;NA;21.61;4.68;4.31;97416465
5;22.12;30.13;NA;71.36;97.23;NA;158.08;NA;20.72;4.43;4.66;97416465
6;21.81;29.85;NA;73.79;97.64;NA;171.43;NA;21;4.43;5.18;97416465
7;21.66;29.85;NA;76.28;98.78;NA;150.33;NA;20.22;4.26;4.44;97416465
8;21.27;29.68;NA;66.03;94.68;NA;148.38;NA;20.55;4.26;3.21;97416465
9;20.96;29.42;NA;67.98;94.84;NA;143.22;NA;19.49;4.01;3.46;97416465
10;20.51;29.05;NA;65.83;94.73;NA;156.4;NA;18.95;3.88;3.49;97416465
11;20.29;28.53;NA;64.15;95.48;NA;145.92;NA;16.82;3.41;2.7;97416465
12;19.89;28.28;NA;64.25;94.12;NA;128.97;NA;16.31;3.23;2.76;97416465
13;19.13;27.34;NA;67.03;94.65;NA;154.76;NA;15.69;3.1;2.94;97416465
14;18.46;26.69;NA;61.06;90.99;NA;163.15;NA;15.36;2.96;2.13;97416465
15;17.72;26.29;NA;63.8;93.48;NA;145.39;NA;14.72;2.76;1.77;97416465
16;17.14;25.57;NA;62.23;92.88;NA;146.7;NA;13.78;2.6;2.91;97416465
17;16.6;25;NA;59.48;91.64;NA;162.18;NA;14.19;2.64;1.33;97416465
18;16.07;24.41;NA;57.1;90.04;NA;172.29;NA;14.06;2.6;2.8;97416465
19;15.71;24.1;NA;59.34;91.48;NA;180.23;NA;14.19;2.61;2.9;97416465
20;15.77;24.18;NA;59.2;91.32;NA;186.3;NA;15.08;2.78;2.2;97416465
21;15.38;24.32;NA;57.27;88.84;NA;175.77;NA;15.92;2.92;1.1;97416465
22;15.6;24.33;NA;57.06;89.62;NA;190.24;NA;16.48;3.08;1.26;97416465
23;15.6;24.5;NA;56.42;88.04;NA;188.29;NA;17.47;3.3;1.5;97416465
24;15.66;24.72;NA;59.04;92.18;NA;189.56;NA;18.28;3.48;1.16;97416465
25;15.88;25.05;NA;57.5;88.42;NA;182.98;NA;19.49;3.73;0.93;97416465
26;16.29;25.17;NA;56.9;88.86;NA;176.08;NA;19.25;3.74;2.19;97416465
27;16.34;25.48;NA;55.28;88.68;NA;184.28;NA;21.38;4.11;0.73;97416465
28;16.73;26.07;NA;57.57;89.84;NA;181.25;NA;21.82;4.3;0.89;97416465
29;17.25;26.49;NA;54.76;88.17;NA;182.11;NA;22.69;4.49;0.7;97416465
30;17.88;27.2;NA;59.16;90.8;NA;162.8;NA;22.18;4.47;0.98;97416465
31;17.98;27.55;NA;55.96;87.54;NA;189.57;NA;24.33;4.93;0.47;97416465
32;18.81;27.93;NA;59.32;89.02;NA;178.78;NA;23.44;4.81;0.9;97416465
33;19.53;28.61;NA;59.37;90.96;NA;167.73;NA;23.6;4.95;1.52;97416465
34;20.2;28.9;NA;56.15;90.93;NA;160.35;NA;22.91;4.83;2.87;97416465
35;20.67;29.35;NA;58.11;89.74;NA;154.32;NA;23.55;4.94;1.44;97416465
36;21.27;29.87;NA;59.1;90.19;NA;147.5;NA;22.51;4.81;1.79;97416465
1;NA;NA;NA;NA;NA;NA;NA;NA;NA;NA;NA;1001
2;NA;NA;NA;NA;NA;NA;NA;NA;NA;NA;NA;1001
3;NA;NA;NA;NA;NA;NA;NA;NA;NA;NA;NA;1001
4;NA;NA;NA;NA;NA;NA;NA;NA;NA;NA;NA;1001
5;NA;NA;NA;NA;NA;NA;NA;NA;NA;NA;NA;1001
6;NA;NA;NA;NA;NA;NA;NA;NA;NA;NA;NA;1001
7;NA;NA;NA;NA;NA;NA;NA;NA;NA;NA;NA;1001
8;NA;NA;NA;NA;NA;NA;NA;NA;NA;NA;NA;1001
9;NA;NA;NA;NA;NA;NA;NA;NA;NA;NA;NA;1001
10;NA;NA;NA;NA;NA;NA;NA;NA;NA;NA;NA;1001
11;NA;NA;NA;NA;NA;NA;NA;NA;NA;NA;NA;1001
12;NA;NA;NA;NA;NA;NA;NA;NA;NA;NA;NA;1001
13;NA;NA;NA;NA;NA;NA;NA;NA;NA;NA;NA;1001
14;NA;NA;NA;NA;NA;NA;NA;NA;NA;NA;NA;1001
15;NA;NA;NA;NA;NA;NA;NA;NA;NA;NA;NA;1001
16;NA;NA;NA;NA;NA;NA;NA;NA;NA;NA;NA;1001
17;NA;NA;NA;NA;NA;NA;NA;NA;NA;NA;NA;1001
18;NA;NA;NA;NA;NA;NA;NA;NA;NA;NA;NA;1001
19;NA;NA;NA;NA;NA;NA;NA;NA;NA;NA;NA;1001
20;NA;NA;NA;NA;NA;NA;NA;NA;NA;NA;NA;1001
21;NA;NA;NA;NA;NA;NA;NA;NA;NA;NA;NA;1001
22;NA;NA;NA;NA;NA;NA;NA;NA;NA;NA;NA;1001
23;NA;NA;NA;NA;NA;NA;NA;NA;NA;NA;NA;1001
24;NA;NA;NA;NA;NA;NA;NA;NA;NA;NA;NA;1001
25;NA;NA;NA;NA;NA;NA;NA;NA;NA;NA;NA;1001
26;NA;NA;NA;NA;NA;NA;NA;NA;NA;NA;NA;1001
27;NA;NA;NA;NA;NA;NA;NA;NA;NA;NA;NA;1001
28;NA;NA;NA;NA;NA;NA;NA;NA;NA;NA;NA;1001
29;NA;NA;NA;NA;NA;NA;NA;NA;NA;NA;NA;1001
30;NA;NA;NA;NA;NA;NA;NA;NA;NA;NA;NA;1001
31;NA;NA;NA;NA;NA;NA;NA;NA;NA;NA;NA;1001
32;NA;NA;NA;NA;NA;NA;NA;NA;NA;NA;NA;1001
33;NA;NA;NA;NA;NA;NA;NA;NA;NA;NA;NA;1001
34;NA;NA;NA;NA;NA;NA;NA;NA;NA;NA;NA;1001
35;NA;NA;NA;NA;NA;NA;NA;NA;NA;NA;NA;1001
36;NA;NA;NA;NA;NA;NA;NA;NA;NA;NA;NA;1001
1;19.58;29.39;NA;NA;NA;NA;NA;NA;NA;NA;128.3;974005
2;18.81;29.89;NA;NA;NA;NA;NA;NA;NA;NA;28.4;974005
3;19.84;30.15;NA;NA;NA;NA;NA;NA;NA;NA;75.1;974005
4;20.04;30.21;NA;NA;NA;NA;NA;NA;NA;NA;87.6;974005
5;20.22;29.63;NA;NA;NA;NA;NA;NA;NA;NA;57.9;974005
6;20.08;30.39;NA;NA;NA;NA;NA;NA;NA;NA;36.7;974005
7;19.48;30;NA;NA;NA;NA;NA;NA;NA;NA;30.7;974005
8;19.3;29.98;NA;NA;NA;NA;NA;NA;NA;NA;8.7;974005
9;18.67;27.66;NA;NA;NA;NA;NA;NA;NA;NA;151.7;974005
10;18.08;28.22;NA;NA;NA;NA;NA;NA;NA;NA;20.5;974005
11;18.96;27.85;NA;NA;NA;NA;NA;NA;NA;NA;101.6;974005
12;17.45;27.08;NA;NA;NA;NA;NA;NA;NA;NA;47.1;974005
13;17.18;26.79;NA;NA;NA;NA;NA;NA;NA;NA;11.1;974005
14;15.78;25.22;NA;NA;NA;NA;NA;NA;NA;NA;16.3;974005
15;15.85;25.1;NA;NA;NA;NA;NA;NA;NA;NA;20.5;974005
16;14.72;23.7;NA;NA;NA;NA;NA;NA;NA;NA;44.3;974005
17;14.49;23.65;NA;NA;NA;NA;NA;NA;NA;NA;16.3;974005
18;13.88;23.44;NA;NA;NA;NA;NA;NA;NA;NA;4.3;974005
19;13.21;23.3;NA;NA;NA;NA;NA;NA;NA;NA;6.9;974005
20;13.87;23.08;NA;NA;NA;NA;NA;NA;NA;NA;38;974005
21;14.05;23.81;NA;NA;NA;NA;NA;NA;NA;NA;1.9;974005
22;13.61;22.86;NA;NA;NA;NA;NA;NA;NA;NA;22.4;974005
23;13.48;24.33;NA;NA;NA;NA;NA;NA;NA;NA;2.3;974005
24;13.58;24.29;NA;NA;NA;NA;NA;NA;NA;NA;18.3;974005
25;13.28;23.86;NA;NA;NA;NA;NA;NA;NA;NA;33.1;974005
26;13.99;25.41;NA;NA;NA;NA;NA;NA;NA;NA;3.6;974005
27;14.64;25.67;NA;NA;NA;NA;NA;NA;NA;NA;1.8;974005
28;15.07;25.6;NA;NA;NA;NA;NA;NA;NA;NA;12.2;974005
29;15.93;26.45;NA;NA;NA;NA;NA;NA;NA;NA;8.4;974005
30;16.08;26.96;NA;NA;NA;NA;NA;NA;NA;NA;22.3;974005
31;16.65;26.72;NA;NA;NA;NA;NA;NA;NA;NA;19.5;974005
32;17.3;28.11;NA;NA;NA;NA;NA;NA;NA;NA;6.8;974005
33;18.18;28.57;NA;NA;NA;NA;NA;NA;NA;NA;11.5;974005
34;18.23;28.6;NA;NA;NA;NA;NA;NA;NA;NA;58.4;974005
35;19.31;29.41;NA;NA;NA;NA;NA;NA;NA;NA;41.5;974005
36;18.79;29.27;NA;NA;NA;NA;NA;NA;NA;NA;53.7;974005
1;21.68;29.47;NA;52.56;93.12;NA;131.98;NA;25.06;5.45;1.05;974001
2;21.16;29.08;NA;50.36;91.4;NA;149.03;NA;24.98;5.58;0.86;974001
3;21.76;29.35;NA;55.07;93.24;NA;152.52;NA;23.59;5.33;0.95;974001
4;22.84;28.54;NA;68.71;91.68;NA;124.23;NA;19.78;4.46;3.8;974001
5;22.8;27.69;NA;71.25;92.1;NA;132.48;NA;20.18;4.46;6.08;974001
6;21.99;27.8;NA;69.38;95.64;NA;129.09;NA;18.48;4.1;10.67;974001
7;20.8;28.91;NA;62.03;97.52;NA;165.68;NA;22.1;4.74;3.07;974001
8;21.01;28.82;NA;63.26;96.63;NA;143.47;NA;20.84;4.31;2.84;974001
9;20.86;28.49;NA;63.83;96.12;NA;146.83;NA;20.72;4.21;4.57;974001
10;20.22;27.74;NA;60.86;93.52;NA;151.75;NA;19.54;3.92;1.7;974001
11;19.65;26.6;NA;60.38;93.46;NA;142.53;NA;18.18;3.56;5.22;974001
12;20.28;26.72;NA;64;91.12;NA;136.1;NA;15.62;3.23;1.3;974001
13;19.67;24.78;NA;62.61;88.43;NA;145.27;NA;15.93;3.12;2.95;974001
14;19.29;24.42;NA;61.52;88.73;NA;136.23;NA;15.24;2.86;3.05;974001
15;18.39;24.72;NA;58.77;85.76;NA;147.62;NA;15.68;2.96;0.33;974001
16;18.18;23.87;NA;60.55;88.8;NA;127.45;NA;13.33;2.59;2.68;974001
17;17.27;22.98;NA;57.82;85.35;NA;155.82;NA;14.48;2.66;0.88;974001
18;16.78;22.78;NA;54.28;86.33;NA;172.35;NA;15.03;2.84;1.2;974001
19;16.24;22.2;NA;58.29;89.28;NA;194.65;NA;14.7;2.73;1.81;974001
20;16.07;22.25;NA;59.62;89.18;NA;198.45;NA;14.61;2.73;4.98;974001
21;15.89;21.98;NA;60.28;88.59;NA;190.2;NA;16.36;2.87;2.8;974001
22;15.97;22.56;NA;56.23;88.1;NA;172.62;NA;16.9;3.06;0.57;974001
23;15.66;23.21;NA;56.19;85.94;NA;168.53;NA;18.71;3.42;0;974001
24;16.28;22.58;NA;57.82;87.47;NA;161.76;NA;17.74;3.36;0.97;974001
25;16.1;22.52;NA;59.44;87.85;NA;154.65;NA;18.57;3.44;1.17;974001
26;16.49;22.25;NA;61.2;90.02;NA;159.33;NA;18.33;3.43;3.68;974001
27;16.32;23.04;NA;58.66;87.52;NA;159.88;NA;21.15;4.06;0.27;974001
28;16.63;22.77;NA;59.83;89.85;NA;164.45;NA;21.99;4.16;2.68;974001
29;16.78;22.75;NA;58.36;85.98;NA;166.3;NA;22.13;4.31;1.07;974001
30;17.97;23.73;NA;60.42;88.34;NA;159.8;NA;21.85;4.48;1.02;974001
31;18.22;24.15;NA;58.7;86.3;NA;174.73;NA;24.28;4.88;0.23;974001
32;18.85;25.28;NA;61.41;89.17;NA;154.29;NA;21.92;4.68;0.54;974001
33;19.65;27.53;NA;58.65;89.67;NA;144.85;NA;23.32;5.2;0.78;974001
34;20.67;27.59;NA;60.6;95.07;NA;135.3;NA;19.82;4.44;3.71;974001
35;19.99;26.84;NA;56.59;92.38;NA;170.55;NA;23.74;5.11;0.98;974001
36;20.6;27.66;NA;56.66;92.98;NA;140.8;NA;22.36;4.79;0.6;974001
1;22.98;34.01;NA;NA;NA;NA;NA;NA;25.15;5.71;0.58;501
2;23.18;32.27;NA;NA;NA;NA;NA;NA;26.3;5.89;3.57;501
3;22.99;31.45;NA;NA;NA;NA;NA;NA;23.16;5.16;1.85;501
4;22.94;31.9;NA;NA;NA;NA;NA;NA;24.94;5.56;8.03;501
5;22.51;31;NA;NA;NA;NA;NA;NA;22.41;4.96;3.57;501
6;22.83;30.68;NA;NA;NA;NA;NA;NA;21.76;4.82;2.7;501
7;22.84;31.71;NA;NA;NA;NA;NA;NA;22.89;5.09;3.9;501
8;20.11;32.01;NA;NA;NA;NA;NA;NA;24.84;5.44;0;501
9;19.11;30.07;NA;NA;NA;NA;NA;NA;22.64;4.86;0;501
10;19.37;29.78;NA;NA;NA;NA;NA;NA;21.35;4.58;0.01;501
11;17.55;29.19;NA;NA;NA;NA;NA;NA;20.61;4.34;0.01;501
12;18.69;28.69;NA;NA;NA;NA;NA;NA;18.24;3.88;0.18;501
13;18.43;28.2;NA;NA;NA;NA;NA;NA;16.7;3.54;0;501
14;18.41;27.96;NA;NA;NA;NA;NA;NA;14.71;3.12;3.57;501
15;15.96;27.43;NA;NA;NA;NA;NA;NA;16.46;3.4;0.34;501
16;15.28;26.54;NA;NA;NA;NA;NA;NA;15.75;3.21;1.56;501
17;13.09;26.25;NA;NA;NA;NA;NA;NA;16.1;3.22;0;501
18;11.08;25.02;NA;NA;NA;NA;NA;NA;15.33;2.98;0.07;501
19;13.79;25.25;NA;NA;NA;NA;NA;NA;14.46;2.88;0.31;501
20;12.6;25.95;NA;NA;NA;NA;NA;NA;16.12;3.2;0.13;501
21;12.76;25.66;NA;NA;NA;NA;NA;NA;16.23;3.21;0.02;501
22;11.13;26.1;NA;NA;NA;NA;NA;NA;17.8;3.48;0.02;501
23;12.83;26;NA;NA;NA;NA;NA;NA;19.4;3.84;0;501
24;15.52;27.28;NA;NA;NA;NA;NA;NA;19.41;3.98;0.77;501
25;17.47;27.51;NA;NA;NA;NA;NA;NA;18.96;3.95;0.66;501
26;15.7;28.99;NA;NA;NA;NA;NA;NA;22.15;4.59;0.61;501
27;16.16;28.71;NA;NA;NA;NA;NA;NA;23.12;4.8;0.1;501
28;17.06;29.38;NA;NA;NA;NA;NA;NA;23.98;5.03;0.02;501
29;18.38;29.55;NA;NA;NA;NA;NA;NA;23.74;5.04;0.03;501
30;19.08;29.4;NA;NA;NA;NA;NA;NA;25.1;5.34;0.32;501
31;19.84;31.2;NA;NA;NA;NA;NA;NA;26.79;5.81;0.04;501
32;20.8;31.95;NA;NA;NA;NA;NA;NA;25.91;5.69;0.56;501
33;22.54;33.11;NA;NA;NA;NA;NA;NA;26.84;6.01;0.6;501
34;22.8;31.79;NA;NA;NA;NA;NA;NA;26.25;5.83;3.89;501
35;21.7;29.7;NA;NA;NA;NA;NA;NA;23.75;5.18;2.57;501
36;23.29;32.55;NA;NA;NA;NA;NA;NA;26.95;6.04;0.74;501
1;21.5;32.09;NA;NA;NA;NA;NA;NA;10.77;2.44;5.61;502
2;22.69;30.02;NA;NA;NA;NA;NA;NA;8.81;2.01;6.22;502
3;22.51;29.45;NA;NA;NA;NA;NA;NA;8.56;1.94;10.85;502
4;23.16;29.93;NA;NA;NA;NA;NA;NA;8.48;1.94;11.53;502
5;22.62;30.6;NA;NA;NA;NA;NA;NA;9.69;2.2;20.47;502
6;23.02;32.63;NA;NA;NA;NA;NA;NA;12.74;2.91;10.92;502
7;22.74;31.71;NA;NA;NA;NA;NA;NA;11.82;2.69;6.07;502
8;22.8;31.18;NA;NA;NA;NA;NA;NA;11.05;2.51;11.17;502
9;22.83;30.73;NA;NA;NA;NA;NA;NA;8.77;2.01;11.26;502
10;22.55;32.23;NA;NA;NA;NA;NA;NA;12.78;2.9;24.33;502
11;23.33;31.23;NA;NA;NA;NA;NA;NA;10.31;2.36;10.41;502
12;23.02;30.61;NA;NA;NA;NA;NA;NA;9.79;2.23;7.59;502
13;23.5;31.38;NA;NA;NA;NA;NA;NA;9.78;2.24;8.73;502
14;22.68;30.42;NA;NA;NA;NA;NA;NA;8.57;1.96;1.27;502
15;21.66;29.5;NA;NA;NA;NA;NA;NA;8.13;1.84;0;502
16;20.98;29.35;NA;NA;NA;NA;NA;NA;8.58;1.92;0.45;502
17;20.86;29.13;NA;NA;NA;NA;NA;NA;7.13;1.61;0.33;502
18;20.75;28.48;NA;NA;NA;NA;NA;NA;7.34;1.65;0;502
19;20.48;27.77;NA;NA;NA;NA;NA;NA;6.61;1.48;0.12;502
20;20.47;27.28;NA;NA;NA;NA;NA;NA;6.36;1.42;0.02;502
21;19.75;28.76;NA;NA;NA;NA;NA;NA;8.39;1.86;0;502
22;20.72;28.11;NA;NA;NA;NA;NA;NA;7.89;1.76;0;502
23;19.88;28.6;NA;NA;NA;NA;NA;NA;8.25;1.83;0;502
24;19.53;28.91;NA;NA;NA;NA;NA;NA;9.81;2.16;0;502
25;20.33;28.99;NA;NA;NA;NA;NA;NA;7.58;1.7;0;502
26;20.18;28.58;NA;NA;NA;NA;NA;NA;8.04;1.79;0;502
27;20.06;28.11;NA;NA;NA;NA;NA;NA;8.38;1.85;0;502
28;20.39;29.98;NA;NA;NA;NA;NA;NA;10.97;2.44;0;502
29;20.25;29;NA;NA;NA;NA;NA;NA;9.15;2.03;0;502
30;19.63;27.8;NA;NA;NA;NA;NA;NA;7.38;1.63;0;502
31;19.62;28.29;NA;NA;NA;NA;NA;NA;7.65;1.69;0;502
32;19.94;28.46;NA;NA;NA;NA;NA;NA;7.22;1.61;0;502
33;21.16;30.81;NA;NA;NA;NA;NA;NA;10.8;2.42;0;502
34;21.94;29.48;NA;NA;NA;NA;NA;NA;7.31;1.66;0;502
35;22.05;29.19;NA;NA;NA;NA;NA;NA;6.95;1.59;0.05;502
36;22.43;30.63;NA;NA;NA;NA;NA;NA;9.67;2.19;0.78;502
1;19.2;28.96;NA;NA;NA;NA;NA;NA;16.8;3.62;7.86;503
2;19.31;30.4;NA;NA;NA;NA;NA;NA;17.68;3.83;3.2;503
3;19.71;28.05;NA;NA;NA;NA;NA;NA;11.91;2.6;9.71;503
4;18.15;30.26;NA;NA;NA;NA;NA;NA;20.82;4.43;2.66;503
5;18.15;31.38;NA;NA;NA;NA;NA;NA;20.31;4.38;2.6;503
6;18.43;29.78;NA;NA;NA;NA;NA;NA;16.78;3.62;9.2;503
7;18.36;30.94;NA;NA;NA;NA;NA;NA;17.35;3.75;3.01;503
8;19.33;30.06;NA;NA;NA;NA;NA;NA;15.29;3.32;4.45;503
9;16.58;29.25;NA;NA;NA;NA;NA;NA;17.54;3.68;1.88;503
10;18.55;31.36;NA;NA;NA;NA;NA;NA;17.03;3.7;3.31;503
11;17.98;30.6;NA;NA;NA;NA;NA;NA;15.5;3.35;1.55;503
12;15.66;26.75;NA;NA;NA;NA;NA;NA;13.38;2.77;1.28;503
13;13.31;26.71;NA;NA;NA;NA;NA;NA;13.42;2.71;1.21;503
14;13.11;27.42;NA;NA;NA;NA;NA;NA;12.22;2.5;0.88;503
15;13.38;24.2;NA;NA;NA;NA;NA;NA;11.14;2.2;10.37;503
16;11.67;24.97;NA;NA;NA;NA;NA;NA;11.41;2.26;1.96;503
17;11.22;25.41;NA;NA;NA;NA;NA;NA;11.64;2.3;1.58;503
18;12.44;26.15;NA;NA;NA;NA;NA;NA;11.21;2.26;1.06;503
19;12.74;25;NA;NA;NA;NA;NA;NA;11.44;2.29;1.75;503
20;11.47;23.77;NA;NA;NA;NA;NA;NA;10.84;2.14;2.16;503
21;9.54;24.74;NA;NA;NA;NA;NA;NA;14.36;2.75;0.36;503
22;9.7;27.18;NA;NA;NA;NA;NA;NA;16.47;3.22;0;503
23;10.26;27.38;NA;NA;NA;NA;NA;NA;17.17;3.37;0;503
24;13.19;29.65;NA;NA;NA;NA;NA;NA;15.67;3.23;1.09;503
25;14.25;30.62;NA;NA;NA;NA;NA;NA;17.85;3.73;0.71;503
26;15.28;28.12;NA;NA;NA;NA;NA;NA;16.16;3.36;1.02;503
27;15.88;29.43;NA;NA;NA;NA;NA;NA;16.59;3.52;0.54;503
28;16.05;28.5;NA;NA;NA;NA;NA;NA;15.84;3.32;3.54;503
29;18.3;29.04;NA;NA;NA;NA;NA;NA;14.56;3.14;5.09;503
30;17.26;29.05;NA;NA;NA;NA;NA;NA;15.95;3.38;4.75;503
31;17.38;28.94;NA;NA;NA;NA;NA;NA;18.22;3.85;1.55;503
32;17.36;28.74;NA;NA;NA;NA;NA;NA;17.8;3.75;6.16;503
33;17.32;30.29;NA;NA;NA;NA;NA;NA;20.58;4.37;3.47;503
34;18.64;28.94;NA;NA;NA;NA;NA;NA;17.37;3.71;3.73;503
35;17.24;29.77;NA;NA;NA;NA;NA;NA;18.92;4.01;3.09;503
36;18.11;29.65;NA;NA;NA;NA;NA;NA;19.42;4.15;4.11;503
1;21.92;34.16;NA;NA;NA;NA;NA;NA;23.73;5.36;5.26;504
2;22.75;31.79;NA;NA;NA;NA;NA;NA;22.11;4.94;3.64;504
3;22.8;30.66;NA;NA;NA;NA;NA;NA;18.39;4.11;14.15;504
4;23;30.82;NA;NA;NA;NA;NA;NA;19.74;4.4;26.4;504
5;22.75;30.1;NA;NA;NA;NA;NA;NA;16.96;3.77;15.84;504
6;22.38;30.42;NA;NA;NA;NA;NA;NA;19.86;4.39;26.8;504
7;22.95;32.07;NA;NA;NA;NA;NA;NA;20.33;4.56;6.44;504
8;20.15;31.3;NA;NA;NA;NA;NA;NA;23.79;5.18;0.86;504
9;20.62;29.35;NA;NA;NA;NA;NA;NA;21.23;4.59;2.72;504
10;20.31;28.89;NA;NA;NA;NA;NA;NA;17.79;3.84;2.51;504
11;17.94;27.99;NA;NA;NA;NA;NA;NA;18.64;3.91;2.46;504
12;19.03;26.75;NA;NA;NA;NA;NA;NA;15.76;3.33;3.98;504
13;18.3;26.21;NA;NA;NA;NA;NA;NA;14.62;3.05;1.98;504
14;18.37;26.29;NA;NA;NA;NA;NA;NA;12.68;2.67;2.05;504
15;17.14;25.69;NA;NA;NA;NA;NA;NA;13.7;2.83;1.32;504
16;16.06;25.74;NA;NA;NA;NA;NA;NA;13.06;2.68;3.29;504
17;14.35;25.1;NA;NA;NA;NA;NA;NA;13.54;2.73;0.88;504
18;13.48;24.03;NA;NA;NA;NA;NA;NA;12.71;2.51;1.46;504
19;14.66;24.05;NA;NA;NA;NA;NA;NA;12.35;2.46;1.77;504
20;13.95;24.3;NA;NA;NA;NA;NA;NA;13.67;2.72;0.44;504
21;13.76;23.96;NA;NA;NA;NA;NA;NA;13.4;2.65;0.9;504
22;11.88;24.62;NA;NA;NA;NA;NA;NA;16.22;3.16;0.86;504
23;13.79;25.06;NA;NA;NA;NA;NA;NA;17.09;3.4;0.1;504
24;16.09;25.86;NA;NA;NA;NA;NA;NA;15.58;3.19;1.49;504
25;19.45;28.29;NA;NA;NA;NA;NA;NA;15.78;3.38;1.38;504
26;16.68;28.88;NA;NA;NA;NA;NA;NA;20.8;4.35;0.67;504
27;17.61;27.95;NA;NA;NA;NA;NA;NA;19.51;4.09;2.5;504
28;16.16;28.31;NA;NA;NA;NA;NA;NA;22.62;4.68;1.26;504
29;18.21;29.26;NA;NA;NA;NA;NA;NA;23.4;4.95;0.41;504
30;18.96;29.83;NA;NA;NA;NA;NA;NA;22.8;4.87;0.53;504
31;18.95;30.29;NA;NA;NA;NA;NA;NA;23.53;5.05;0.24;504
32;19.43;30.66;NA;NA;NA;NA;NA;NA;24.39;5.26;1.48;504
33;21.77;32.97;NA;NA;NA;NA;NA;NA;24.33;5.42;1.91;504
34;21.2;32.32;NA;NA;NA;NA;NA;NA;23.58;5.21;3.78;504
35;21.14;29.97;NA;NA;NA;NA;NA;NA;21.02;4.59;4.75;504
36;22.92;31.47;NA;NA;NA;NA;NA;NA;21.77;4.86;3.98;504
1;19.63;27.02;NA;NA;NA;NA;NA;NA;20.36;4.31;3.48;505
2;19.67;28.21;NA;NA;NA;NA;NA;NA;22.78;4.85;0.99;505
3;21.28;28.38;NA;NA;NA;NA;NA;NA;20.24;4.38;2.92;505
4;20.82;28.23;NA;NA;NA;NA;NA;NA;20.89;4.51;8.21;505
5;20.23;27.61;NA;NA;NA;NA;NA;NA;19.8;4.23;5.23;505
6;20.46;27.87;NA;NA;NA;NA;NA;NA;20.16;4.32;3.42;505
7;19.37;27.77;NA;NA;NA;NA;NA;NA;19.67;4.17;1.92;505
8;20.03;28;NA;NA;NA;NA;NA;NA;17.96;3.86;4.27;505
9;18.19;27.11;NA;NA;NA;NA;NA;NA;17.45;3.66;5.12;505
10;16.48;27.71;NA;NA;NA;NA;NA;NA;18.9;3.92;0.57;505
11;16.33;26.92;NA;NA;NA;NA;NA;NA;15.68;3.24;4.06;505
12;16.05;26.01;NA;NA;NA;NA;NA;NA;15.15;3.12;0.61;505
13;13.12;26.14;NA;NA;NA;NA;NA;NA;15.12;3.03;0.72;505
14;11.76;25.07;NA;NA;NA;NA;NA;NA;13.76;2.71;1.16;505
15;10.99;23.7;NA;NA;NA;NA;NA;NA;12.54;2.42;0.63;505
16;9.13;23.38;NA;NA;NA;NA;NA;NA;12;2.28;0.4;505
17;8.43;23.32;NA;NA;NA;NA;NA;NA;12.2;2.3;0.28;505
18;9.51;22.69;NA;NA;NA;NA;NA;NA;11.32;2.14;0.45;505
19;9.19;22.8;NA;NA;NA;NA;NA;NA;12.07;2.28;1.44;505
20;8.24;23.15;NA;NA;NA;NA;NA;NA;12.79;2.4;0.38;505
21;9.23;23.15;NA;NA;NA;NA;NA;NA;13.6;2.56;0.04;505
22;9.75;23.12;NA;NA;NA;NA;NA;NA;14.36;2.72;0.23;505
23;10.96;22.96;NA;NA;NA;NA;NA;NA;14.8;2.83;1.14;505
24;12.65;23.43;NA;NA;NA;NA;NA;NA;14.51;2.83;2.84;505
25;13.96;23.72;NA;NA;NA;NA;NA;NA;15.33;3.02;0.71;505
26;15.11;24.48;NA;NA;NA;NA;NA;NA;14.74;2.97;1.44;505
27;13.66;23.46;NA;NA;NA;NA;NA;NA;17.27;3.39;2.53;505
28;15.75;23.65;NA;NA;NA;NA;NA;NA;15.7;3.15;3.25;505
29;16.02;24.36;NA;NA;NA;NA;NA;NA;17.62;3.55;5.15;505
30;17.1;24.53;NA;NA;NA;NA;NA;NA;18.44;3.75;2.03;505
31;18.17;25.81;NA;NA;NA;NA;NA;NA;18.73;3.89;2.61;505
32;18.29;25.54;NA;NA;NA;NA;NA;NA;19.59;4.05;4.56;505
33;17.3;25.49;NA;NA;NA;NA;NA;NA;21.33;4.36;8.07;505
34;19.41;25.84;NA;NA;NA;NA;NA;NA;19.89;4.16;4.34;505
35;20.02;26.93;NA;NA;NA;NA;NA;NA;20.85;4.41;3.73;505
36;20.27;27.56;NA;NA;NA;NA;NA;NA;21.21;4.52;0.73;505
1;19.91;33.07;NA;NA;NA;NA;NA;NA;24.28;5.39;1.56;506
2;20.79;34.93;NA;NA;NA;NA;NA;NA;24.56;5.54;0.48;506
3;21.49;34.59;NA;NA;NA;NA;NA;NA;22.85;5.16;6.9;506
4;20.8;33.79;NA;NA;NA;NA;NA;NA;22.65;5.08;2.87;506
5;21.09;34.17;NA;NA;NA;NA;NA;NA;21.4;4.81;1.86;506
6;20.23;33.55;NA;NA;NA;NA;NA;NA;21.58;4.79;0.43;506
7;21.12;33.45;NA;NA;NA;NA;NA;NA;20.13;4.5;3.76;506
8;19.61;34.2;NA;NA;NA;NA;NA;NA;21.94;4.87;0.59;506
9;19.3;33.86;NA;NA;NA;NA;NA;NA;20.5;4.54;1.34;506
10;18.03;33.65;NA;NA;NA;NA;NA;NA;18.79;4.13;4.45;506
11;17.9;30.76;NA;NA;NA;NA;NA;NA;15.47;3.34;0.32;506
12;16.21;32.06;NA;NA;NA;NA;NA;NA;18.07;3.87;0;506
13;13.75;29.75;NA;NA;NA;NA;NA;NA;15.14;3.13;0.05;506
14;11.41;28.42;NA;NA;NA;NA;NA;NA;13.92;2.81;0.08;506
15;11.03;30.17;NA;NA;NA;NA;NA;NA;14.65;2.98;0;506
16;9.84;26.02;NA;NA;NA;NA;NA;NA;12.01;2.36;0.2;506
17;8.41;26.81;NA;NA;NA;NA;NA;NA;12.45;2.42;0.21;506
18;9.68;25.25;NA;NA;NA;NA;NA;NA;10.58;2.06;0.97;506
19;5.88;25.4;NA;NA;NA;NA;NA;NA;13.97;2.6;0.005;506
20;6.12;26.13;NA;NA;NA;NA;NA;NA;13.85;2.6;0.34;506
21;8.44;28.89;NA;NA;NA;NA;NA;NA;15;2.96;0.004545455;506
22;10.54;26.68;NA;NA;NA;NA;NA;NA;13.83;2.73;0;506
23;12.53;28.87;NA;NA;NA;NA;NA;NA;15.79;3.21;0.03;506
24;11.06;29.7;NA;NA;NA;NA;NA;NA;18.41;3.7;0;506
25;12.53;29.77;NA;NA;NA;NA;NA;NA;16.98;3.49;0.46;506
26;9.74;28.8;NA;NA;NA;NA;NA;NA;21.9;4.33;0.05;506
27;15.39;31.9;NA;NA;NA;NA;NA;NA;19.46;4.14;0.24;506
28;16.79;28.86;NA;NA;NA;NA;NA;NA;16.89;3.59;0.35;506
29;14.68;32.79;NA;NA;NA;NA;NA;NA;22.72;4.83;0;506
30;17.7;31.6;NA;NA;NA;NA;NA;NA;19.32;4.24;4.57;506
31;16.16;30.08;NA;NA;NA;NA;NA;NA;21.24;4.52;1;506
32;16.42;31.43;NA;NA;NA;NA;NA;NA;22.28;4.77;0.04;506
33;15.48;29.96;NA;NA;NA;NA;NA;NA;23.03;4.81;1.72;506
34;19.28;32.18;NA;NA;NA;NA;NA;NA;21.75;4.76;0.05;506
35;21.31;31.71;NA;NA;NA;NA;NA;NA;19.06;4.25;6.45;506
36;21.09;32.74;NA;NA;NA;NA;NA;NA;24.7;5.47;1.75;506
1;5.2;13.06;NA;NA;NA;NA;NA;NA;12.3;1.96;0.76;507
2;5.77;14.91;NA;NA;NA;NA;NA;NA;12.92;2.11;2.27;507
3;8.2;16.92;NA;NA;NA;NA;NA;NA;12.35;2.14;3.64;507
4;5.69;12.09;NA;NA;NA;NA;NA;NA;12.23;1.98;3.56;507
5;7.06;16.08;NA;NA;NA;NA;NA;NA;15.75;2.65;2.15;507
6;12.5;19.21;NA;NA;NA;NA;NA;NA;14.78;2.75;0.96;507
7;10.14;18.76;NA;NA;NA;NA;NA;NA;16.18;2.9;2.54;507
8;13.06;22.24;NA;NA;NA;NA;NA;NA;20.61;3.95;2.5;507
9;13.66;22.19;NA;NA;NA;NA;NA;NA;22.1;4.25;4.37;507
10;14.92;24.27;NA;NA;NA;NA;NA;NA;23.46;4.63;10.44;507
11;15.52;24.57;NA;NA;NA;NA;NA;NA;23.54;4.69;4.45;507
12;16.2;25.45;NA;NA;NA;NA;NA;NA;25.14;5.06;0.56;507
13;17.33;27.35;NA;NA;NA;NA;NA;NA;23.82;4.92;3.14;507
14;17.5;27.67;NA;NA;NA;NA;NA;NA;26.37;5.46;3.01;507
15;20.66;30.21;NA;NA;NA;NA;NA;NA;27.84;6.03;1.87;507
16;20.85;31.44;NA;NA;NA;NA;NA;NA;23.3;5.12;8.76;507
17;22.25;31.1;NA;NA;NA;NA;NA;NA;25.2;5.57;3.34;507
18;22.66;32.03;NA;NA;NA;NA;NA;NA;23.65;5.29;4.22;507
19;22.38;31.53;NA;NA;NA;NA;NA;NA;21.48;4.78;6.46;507
20;22.47;30.08;NA;NA;NA;NA;NA;NA;19.9;4.39;7.92;507
21;22.96;30.88;NA;NA;NA;NA;NA;NA;21.71;4.82;3.11;507
22;23.33;32.01;NA;NA;NA;NA;NA;NA;21.49;4.82;7.86;507
23;22.85;31.35;NA;NA;NA;NA;NA;NA;19.83;4.44;9.08;507
24;22.33;30.94;NA;NA;NA;NA;NA;NA;19.91;4.43;9.94;507
25;20.28;29.38;NA;NA;NA;NA;NA;NA;21.77;4.68;5.55;507
26;19.88;29.51;NA;NA;NA;NA;NA;NA;20.32;4.37;3.51;507
27;19.01;28.68;NA;NA;NA;NA;NA;NA;19.59;4.16;2.81;507
28;15;25.19;NA;NA;NA;NA;NA;NA;21.28;4.25;0.32;507
29;14.15;25.74;NA;NA;NA;NA;NA;NA;19.28;3.84;0.05;507
30;12.19;23.78;NA;NA;NA;NA;NA;NA;17.32;3.34;1.08;507
31;12.26;21.43;NA;NA;NA;NA;NA;NA;15.03;2.84;3.31;507
32;11.88;21.2;NA;NA;NA;NA;NA;NA;14.37;2.72;1.46;507
33;8.68;19.03;NA;NA;NA;NA;NA;NA;12.26;2.22;0.71;507
34;8.1;16.2;NA;NA;NA;NA;NA;NA;11.5;1.99;1.24;507
35;8.13;17.89;NA;NA;NA;NA;NA;NA;11.82;2.09;0.53;507
36;8.05;15.91;NA;NA;NA;NA;NA;NA;10.21;1.78;1.63;507
1;22.2;32.81;NA;NA;NA;NA;NA;NA;24.1;5.4;1.8;508
2;22.54;32.59;NA;NA;NA;NA;NA;NA;20.99;4.72;5.1;508
3;22.01;32.17;NA;NA;NA;NA;NA;NA;22.34;4.98;6.03;508
4;21.5;33.05;NA;NA;NA;NA;NA;NA;25.19;5.61;0.15;508
5;21.92;33.46;NA;NA;NA;NA;NA;NA;22.83;5.12;4.07;508
6;21.81;31.15;NA;NA;NA;NA;NA;NA;20.18;4.47;2.94;508
7;20.08;30.9;NA;NA;NA;NA;NA;NA;20.01;4.37;0.7;508
8;21.29;32.59;NA;NA;NA;NA;NA;NA;20.17;4.49;0.68;508
9;21.25;33.83;NA;NA;NA;NA;NA;NA;21.09;4.72;0.67;508
10;19.55;30.26;NA;NA;NA;NA;NA;NA;16.54;3.6;4.21;508
11;17.48;29.08;NA;NA;NA;NA;NA;NA;17.17;3.63;0.26;508
12;17.41;29.32;NA;NA;NA;NA;NA;NA;14.44;3.08;0.87;508
13;14.49;29.87;NA;NA;NA;NA;NA;NA;15.96;3.33;0;508
14;14.68;29.28;NA;NA;NA;NA;NA;NA;14.64;3.05;0.77;508
15;12.4;26.46;NA;NA;NA;NA;NA;NA;13.83;2.77;1.23;508
16;11.02;27.04;NA;NA;NA;NA;NA;NA;13.16;2.61;0.39;508
17;10.24;25.3;NA;NA;NA;NA;NA;NA;13.35;2.6;0;508
18;8.75;26.29;NA;NA;NA;NA;NA;NA;13.35;2.58;0;508
19;10.44;25.3;NA;NA;NA;NA;NA;NA;12.54;2.46;0.06;508
20;10.71;24.02;NA;NA;NA;NA;NA;NA;12.31;2.39;0.73;508
21;10.45;25.88;NA;NA;NA;NA;NA;NA;14.23;2.78;0.01;508
22;10.3;25.99;NA;NA;NA;NA;NA;NA;15.13;2.95;0.006666667;508
23;11.21;25.56;NA;NA;NA;NA;NA;NA;15.69;3.07;0.04;508
24;12.32;29.65;NA;NA;NA;NA;NA;NA;17.6;3.59;0.009090909;508
25;13.5;31.07;NA;NA;NA;NA;NA;NA;18.09;3.77;0;508
26;14.35;31.06;NA;NA;NA;NA;NA;NA;20.08;4.2;0.03;508
27;16.27;31.23;NA;NA;NA;NA;NA;NA;19.75;4.19;0;508
28;17.51;32.81;NA;NA;NA;NA;NA;NA;19.19;4.16;0.02;508
29;19.12;32.83;NA;NA;NA;NA;NA;NA;22.08;4.84;0.01;508
30;20.96;34.44;NA;NA;NA;NA;NA;NA;19.66;4.42;0.48;508
31;21.57;33.5;NA;NA;NA;NA;NA;NA;18.78;4.21;0.57;508
32;21.72;33.35;NA;NA;NA;NA;NA;NA;22.79;5.12;2.01;508
33;21.78;31.54;NA;NA;NA;NA;NA;NA;20.81;4.64;1.61;508
34;21.47;32.75;NA;NA;NA;NA;NA;NA;20.8;4.65;4.72;508
35;21.95;32.13;NA;NA;NA;NA;NA;NA;20.69;4.62;5.8;508
36;21.93;32.25;NA;NA;NA;NA;NA;NA;24.37;5.43;4.9;508
1;23.6;28.3;NA;NA;NA;NA;NA;NA;14.9;3.4;86;97100
2;23.6;28.3;NA;NA;NA;NA;NA;NA;14.9;3.4;86;97100
3;23.6;28.3;NA;NA;NA;NA;NA;NA;14.9;3.4;86;97100
4;23.6;28.3;NA;NA;NA;NA;NA;NA;14.9;3.4;86;97100
5;23.6;28.3;NA;NA;NA;NA;NA;NA;14.9;3.4;86;97100
6;23.6;28.3;NA;NA;NA;NA;NA;NA;14.9;3.4;86;97100
7;23.6;28.3;NA;NA;NA;NA;NA;NA;14.9;3.4;86;97100
8;23.6;28.3;NA;NA;NA;NA;NA;NA;14.9;3.4;86;97100
9;23.6;28.3;NA;NA;NA;NA;NA;NA;14.9;3.4;86;97100
10;23.6;28.3;NA;NA;NA;NA;NA;NA;14.9;3.4;86;97100
11;23.6;28.3;NA;NA;NA;NA;NA;NA;14.9;3.4;86;97100
12;23.6;28.3;NA;NA;NA;NA;NA;NA;14.9;3.4;86;97100
13;23.6;28.3;NA;NA;NA;NA;NA;NA;14.9;3.4;86;97100
14;23.6;28.3;NA;NA;NA;NA;NA;NA;14.9;3.4;86;97100
15;23.6;28.3;NA;NA;NA;NA;NA;NA;14.9;3.4;86;97100
16;23.6;28.3;NA;NA;NA;NA;NA;NA;14.9;3.4;86;97100
17;23.6;28.3;NA;NA;NA;NA;NA;NA;14.9;3.4;86;97100
18;23.6;28.3;NA;NA;NA;NA;NA;NA;14.9;3.4;86;97100
19;23.6;28.3;NA;NA;NA;NA;NA;NA;14.9;3.4;86;97100
20;23.6;28.3;NA;NA;NA;NA;NA;NA;14.9;3.4;86;97100
21;23.6;28.3;NA;NA;NA;NA;NA;NA;14.9;3.4;86;97100
22;23.6;28.3;NA;NA;NA;NA;NA;NA;14.9;3.4;86;97100
23;23.6;28.3;NA;NA;NA;NA;NA;NA;14.9;3.4;86;97100
24;23.6;28.3;NA;NA;NA;NA;NA;NA;14.9;3.4;86;97100
25;23.6;28.3;NA;NA;NA;NA;NA;NA;14.9;3.4;86;97100
26;23.6;28.3;NA;NA;NA;NA;NA;NA;14.9;3.4;86;97100
27;23.6;28.3;NA;NA;NA;NA;NA;NA;14.9;3.4;86;97100
28;23.6;28.3;NA;NA;NA;NA;NA;NA;14.9;3.4;86;97100
29;23.6;28.3;NA;NA;NA;NA;NA;NA;14.9;3.4;86;97100
30;23.6;28.3;NA;NA;NA;NA;NA;NA;14.9;3.4;86;97100
31;23.6;28.3;NA;NA;NA;NA;NA;NA;14.9;3.4;86;97100
32;23.6;28.3;NA;NA;NA;NA;NA;NA;14.9;3.4;86;97100
33;23.6;28.3;NA;NA;NA;NA;NA;NA;14.9;3.4;86;97100
34;23.6;28.3;NA;NA;NA;NA;NA;NA;14.9;3.4;86;97100
35;23.6;28.3;NA;NA;NA;NA;NA;NA;14.9;3.4;86;97100
36;23.6;28.3;NA;NA;NA;NA;NA;NA;14.9;3.4;86;97100
1;23.6;28.3;NA;NA;NA;NA;NA;NA;14.9;3.4;86;97101
2;23.6;28.3;NA;NA;NA;NA;NA;NA;14.9;3.4;86;97101
3;23.6;28.3;NA;NA;NA;NA;NA;NA;14.9;3.4;86;97101
4;23.6;28.3;NA;NA;NA;NA;NA;NA;14.9;3.4;86;97101
5;23.6;28.3;NA;NA;NA;NA;NA;NA;14.9;3.4;86;97101
6;23.6;28.3;NA;NA;NA;NA;NA;NA;14.9;3.4;86;97101
7;23.6;28.3;NA;NA;NA;NA;NA;NA;14.9;3.4;86;97101
8;23.6;28.3;NA;NA;NA;NA;NA;NA;14.9;3.4;86;97101
9;23.6;28.3;NA;NA;NA;NA;NA;NA;14.9;3.4;86;97101
10;23.6;28.3;NA;NA;NA;NA;NA;NA;14.9;3.4;86;97101
11;23.6;28.3;NA;NA;NA;NA;NA;NA;14.9;3.4;86;97101
12;23.6;28.3;NA;NA;NA;NA;NA;NA;14.9;3.4;86;97101
13;23.6;28.3;NA;NA;NA;NA;NA;NA;14.9;3.4;86;97101
14;23.6;28.3;NA;NA;NA;NA;NA;NA;14.9;3.4;86;97101
15;23.6;28.3;NA;NA;NA;NA;NA;NA;14.9;3.4;86;97101
16;23.6;28.3;NA;NA;NA;NA;NA;NA;14.9;3.4;86;97101
17;23.6;28.3;NA;NA;NA;NA;NA;NA;14.9;3.4;86;97101
18;23.6;28.3;NA;NA;NA;NA;NA;NA;14.9;3.4;86;97101
19;23.6;28.3;NA;NA;NA;NA;NA;NA;14.9;3.4;86;97101
20;23.6;28.3;NA;NA;NA;NA;NA;NA;14.9;3.4;86;97101
21;23.6;28.3;NA;NA;NA;NA;NA;NA;14.9;3.4;86;97101
22;23.6;28.3;NA;NA;NA;NA;NA;NA;14.9;3.4;86;97101
23;23.6;28.3;NA;NA;NA;NA;NA;NA;14.9;3.4;86;97101
24;23.6;28.3;NA;NA;NA;NA;NA;NA;14.9;3.4;86;97101
25;23.6;28.3;NA;NA;NA;NA;NA;NA;14.9;3.4;86;97101
26;23.6;28.3;NA;NA;NA;NA;NA;NA;14.9;3.4;86;97101
27;23.6;28.3;NA;NA;NA;NA;NA;NA;14.9;3.4;86;97101
28;23.6;28.3;NA;NA;NA;NA;NA;NA;14.9;3.4;86;97101
29;23.6;28.3;NA;NA;NA;NA;NA;NA;14.9;3.4;86;97101
30;23.6;28.3;NA;NA;NA;NA;NA;NA;14.9;3.4;86;97101
31;23.6;28.3;NA;NA;NA;NA;NA;NA;14.9;3.4;86;97101
32;23.6;28.3;NA;NA;NA;NA;NA;NA;14.9;3.4;86;97101
33;23.6;28.3;NA;NA;NA;NA;NA;NA;14.9;3.4;86;97101
34;23.6;28.3;NA;NA;NA;NA;NA;NA;14.9;3.4;86;97101
35;23.6;28.3;NA;NA;NA;NA;NA;NA;14.9;3.4;86;97101
36;23.6;28.3;NA;NA;NA;NA;NA;NA;14.9;3.4;86;97101
1;22.16;28.86;NA;NA;NA;NA;NA;NA;16.56;4.11;2.63;97105
2;21.21;28.54;NA;NA;NA;NA;NA;NA;16.96;4.03;2.62;97105
3;21.61;28.58;NA;NA;NA;NA;NA;NA;18.17;4.35;2.38;97105
4;21.39;28.67;NA;NA;NA;NA;NA;NA;18.39;4.36;1.54;97105
5;21.52;28.52;NA;NA;NA;NA;NA;NA;19.46;4.66;1.52;97105
6;20.91;28.9;NA;NA;NA;NA;NA;NA;20.48;4.8;0.99;97105
7;21.32;29.26;NA;NA;NA;NA;NA;NA;21.31;5.16;0.96;97105
8;21.61;29.36;NA;NA;NA;NA;NA;NA;22.23;5.56;1.39;97105
9;21.63;29.91;NA;NA;NA;NA;NA;NA;22.41;5.55;2.32;97105
10;21.89;30.05;NA;NA;NA;NA;NA;NA;21.67;5.18;2.68;97105
11;22.57;30.31;NA;NA;NA;NA;NA;NA;22.69;5.68;1.94;97105
12;23;30.47;NA;NA;NA;NA;NA;NA;23.83;5.91;1.73;97105
13;23.15;30.77;NA;NA;NA;NA;NA;NA;22.69;5.64;1.89;97105
14;23.7;31.16;NA;NA;NA;NA;NA;NA;23.11;5.68;1.74;97105
15;24.24;31.13;NA;NA;NA;NA;NA;NA;23.77;6.04;1.75;97105
16;24.46;31.36;NA;NA;NA;NA;NA;NA;23.09;6.08;1.69;97105
17;24.7;31.05;NA;NA;NA;NA;NA;NA;22.31;5.76;3.35;97105
18;25.17;31.18;NA;NA;NA;NA;NA;NA;23.21;6.1;1.48;97105
19;24.64;31.18;NA;NA;NA;NA;NA;NA;23.14;5.93;2.76;97105
20;24.56;31.35;NA;NA;NA;NA;NA;NA;23.38;5.98;2.71;97105
21;24.55;31.47;NA;NA;NA;NA;NA;NA;23.44;5.98;4.87;97105
22;24.37;31.62;NA;NA;NA;NA;NA;NA;23.58;5.87;3.71;97105
23;24.46;31.39;NA;NA;NA;NA;NA;NA;22.73;5.77;3.37;97105
24;24.33;31.38;NA;NA;NA;NA;NA;NA;21.84;5.45;5.11;97105
25;24.13;31.72;NA;NA;NA;NA;NA;NA;21.82;5.26;3.62;97105
26;24.45;31.59;NA;NA;NA;NA;NA;NA;21.19;5.16;4.33;97105
27;23.87;31.42;NA;NA;NA;NA;NA;NA;19.6;4.71;4.37;97105
28;23.55;30.93;NA;NA;NA;NA;NA;NA;18.72;4.66;3.8;97105
29;23.5;30.86;NA;NA;NA;NA;NA;NA;16.52;4.02;3.33;97105
30;23.74;30.75;NA;NA;NA;NA;NA;NA;17.08;4.05;3.58;97105
31;22.79;30.61;NA;NA;NA;NA;NA;NA;16.8;3.74;5.46;97105
32;23.35;30.24;NA;NA;NA;NA;NA;NA;15.23;3.58;4.88;97105
33;22.56;30.2;NA;NA;NA;NA;NA;NA;16.67;3.76;2.88;97105
34;23.03;29.7;NA;NA;NA;NA;NA;NA;16.02;3.87;2.72;97105
35;22.5;29.23;NA;NA;NA;NA;NA;NA;15.3;3.76;5.76;97105
36;22.43;29.17;NA;NA;NA;NA;NA;NA;16.02;3.88;3.25;97105
