plotcyclecode;plotcode;cycle;inisoilvol;irricode
BCCA-0-0-AAA-R570;BCCA-0-AAA-R570;0;0.7;RAINFED
BCCA-0-0-AAA-SP791011;BCCA-0-AAA-SP791011;0;0.7;RAINFED
BCSU-0-0-IRR-NCO376;BCSU-0-IRR-NCO376;0;0.95;CSU-0
BCSU-0-0-IRR-R570;BCSU-0-IRR-R570;0;0.95;CSU-0
BCSU-0-0-IRR-RB72454;BCSU-0-IRR-RB72454;0;0.95;CSU-0
BCSU-0-0-IRR-SP832847;BCSU-0-IRR-SP832847;0;0.95;CSU-0
BCSU-0-0-PLU-NCO376;BCSU-0-PLU-NCO376;0;0.95;RAINFED
BCSU-0-0-PLU-R570;BCSU-0-PLU-R570;0;0.95;RAINFED
BCSU-0-0-PLU-RB72454;BCSU-0-PLU-RB72454;0;0.95;RAINFED
BCSU-0-0-PLU-SP832847;BCSU-0-PLU-SP832847;0;0.95;RAINFED
BXAA-2-0-AAA-R570;BXAA-0-AAA-R570;2;inisoil;RAINFED
BXAA-3-0-AAA-R570;BXAA-0-AAA-R570;3;0.25;RAINFED
BXAA-3-0-BAA-R570;BXAA-0-BAA-R570;3;0.25;RAINFED
BXAA-3-0-CAA-R570;BXAA-0-CAA-R570;3;0.25;RAINFED
CCYC-1-0-D1A-R570;CCYC-0-D1A-R570;1;0.25;RAINFED
CCYC-1-0-D2A-R570;CCYC-0-D2A-R570;1;0.25;RAINFED
CCYC-2-0-D1A-R570;CCYC-0-D1A-R570;2;0.25;RAINFED
CCYC-2-0-D2A-R570;CCYC-0-D2A-R570;2;0.25;RAINFED
CCYC-2-0-D3A-R570;CCYC-0-D3A-R570;2;0.25;RAINFED
CCYC-2-0-D4A-R570;CCYC-0-D4A-R570;2;0.25;RAINFED
CP02-0-0-AAA-R570;CP02-0-AAA-R570;0;0.25;RAINFED
CP02-1-0-AAA-R570;CP02-0-AAA-R570;1;inisoil;P02-1
CP04-0-0-AAA-R570;CP04-0-AAA-R570;0;0.25;NC
CP04-1-0-AAA-R570;CP04-0-AAA-R570;1;0.25;RAINFED
CP04-3-0-AAA-R570;CP04-0-AAA-R570;3;inisoil;RAINFED
CVA1-0-0-AAA-R570;CVA1-0-AAA-R570;0;0.8;RAINFED
CVA1-0-0-AAA-R575;CVA1-0-AAA-R575;0;0.8;RAINFED
CVA1-0-0-AAA-R577;CVA1-0-AAA-R577;0;0.8;RAINFED
CVA1-0-0-AAA-R579;CVA1-0-AAA-R579;0;0.8;RAINFED
CVA1-1-0-AAA-R570;CVA1-0-AAA-R570;1;0.8;RAINFED
CVA1-1-0-AAA-R575;CVA1-0-AAA-R575;1;0.8;RAINFED
CVA1-1-0-AAA-R577;CVA1-0-AAA-R577;1;0.8;RAINFED
CVA1-1-0-AAA-R579;CVA1-0-AAA-R579;1;0.8;RAINFED
DEL1-0-0-AAA-B37172;DEL1-0-AAA-B37172;0;0.8;RUCILMDA0
DEL1-0-0-AAA-CO312;DEL1-0-AAA-CO312;0;0.8;RUCILMDA0
DEL1-0-0-AAA-CP76331;DEL1-0-AAA-CP76331;0;0.8;RUCILMDA0
DEL1-0-0-AAA-F152;DEL1-0-AAA-F152;0;0.8;RUCILMDA0
DEL1-0-0-AAA-F160;DEL1-0-AAA-F160;0;0.8;RUCILMDA0
DEL1-0-0-AAA-H564848;DEL1-0-AAA-H564848;0;0.8;RUCILMDA0
DEL1-0-0-AAA-LF669657;DEL1-0-AAA-LF669657;0;0.8;RUCILMDA0
DEL1-0-0-AAA-M37664;DEL1-0-AAA-M37664;0;0.8;RUCILMDA0
DEL1-0-0-AAA-MEX68200;DEL1-0-AAA-MEX68200;0;0.8;RUCILMDA0
DEL1-0-0-AAA-NCO376;DEL1-0-AAA-NCO376;0;0.8;RUCILMDA0
DEL1-0-0-AAA-NIF5;DEL1-0-AAA-NIF5;0;0.8;RUCILMDA0
DEL1-0-0-AAA-Q110;DEL1-0-AAA-Q110;0;0.8;RUCILMDA0
DEL1-0-0-AAA-R570;DEL1-0-AAA-R570;0;0.8;RUCILMDA0
DEL1-0-0-AAA-R573;DEL1-0-AAA-R573;0;0.8;RUCILMDA0
DEL1-0-0-AAA-R579;DEL1-0-AAA-R579;0;0.8;RUCILMDA0
DEL1-0-0-AAA-R83288;DEL1-0-AAA-R83288;0;0.8;RUCILMDA0
DEL1-0-0-AAA-R932022;DEL1-0-AAA-R932022;0;0.8;RUCILMDA0
DEL1-0-0-AAA-SM8116;DEL1-0-AAA-SM8116;0;0.8;RUCILMDA0
DEL1-0-0-AAA-SP733108;DEL1-0-AAA-SP733108;0;0.8;RUCILMDA0
DEL1-0-0-AAA-SP801842;DEL1-0-AAA-SP801842;0;0.8;RUCILMDA0
DEL1-0-1-AAA-B37172;DEL1-1-AAA-B37172;0;0.8;RUCILMDA0
DEL1-0-1-AAA-CO312;DEL1-1-AAA-CO312;0;0.8;RUCILMDA0
DEL1-0-1-AAA-CP76331;DEL1-1-AAA-CP76331;0;0.8;RUCILMDA0
DEL1-0-1-AAA-F152;DEL1-1-AAA-F152;0;0.8;RUCILMDA0
DEL1-0-1-AAA-F160;DEL1-1-AAA-F160;0;0.8;RUCILMDA0
DEL1-0-1-AAA-H564848;DEL1-1-AAA-H564848;0;0.8;RUCILMDA0
DEL1-0-1-AAA-LF669657;DEL1-1-AAA-LF669657;0;0.8;RUCILMDA0
DEL1-0-1-AAA-M37664;DEL1-1-AAA-M37664;0;0.8;RUCILMDA0
DEL1-0-1-AAA-MEX68200;DEL1-1-AAA-MEX68200;0;0.8;RUCILMDA0
DEL1-0-1-AAA-NCO376;DEL1-1-AAA-NCO376;0;0.8;RUCILMDA0
DEL1-0-1-AAA-NIF5;DEL1-1-AAA-NIF5;0;0.8;RUCILMDA0
DEL1-0-1-AAA-Q110;DEL1-1-AAA-Q110;0;0.8;RUCILMDA0
DEL1-0-1-AAA-R570;DEL1-1-AAA-R570;0;0.8;RUCILMDA0
DEL1-0-1-AAA-R573;DEL1-1-AAA-R573;0;0.8;RUCILMDA0
DEL1-0-1-AAA-R579;DEL1-1-AAA-R579;0;0.8;RUCILMDA0
DEL1-0-1-AAA-R83288;DEL1-1-AAA-R83288;0;0.8;RUCILMDA0
DEL1-0-1-AAA-R932022;DEL1-1-AAA-R932022;0;0.8;RUCILMDA0
DEL1-0-1-AAA-SM8116;DEL1-1-AAA-SM8116;0;0.8;RUCILMDA0
DEL1-0-1-AAA-SP733108;DEL1-1-AAA-SP733108;0;0.8;RUCILMDA0
DEL1-0-1-AAA-SP801842;DEL1-1-AAA-SP801842;0;0.8;RUCILMDA0
DEL1-0-2-AAA-B37172;DEL1-2-AAA-B37172;0;0.8;RUCILMDA0
DEL1-0-2-AAA-CO312;DEL1-2-AAA-CO312;0;0.8;RUCILMDA0
DEL1-0-2-AAA-CP76331;DEL1-2-AAA-CP76331;0;0.8;RUCILMDA0
DEL1-0-2-AAA-F152;DEL1-2-AAA-F152;0;0.8;RUCILMDA0
DEL1-0-2-AAA-F160;DEL1-2-AAA-F160;0;0.8;RUCILMDA0
DEL1-0-2-AAA-H564848;DEL1-2-AAA-H564848;0;0.8;RUCILMDA0
DEL1-0-2-AAA-LF669657;DEL1-2-AAA-LF669657;0;0.8;RUCILMDA0
DEL1-0-2-AAA-M37664;DEL1-2-AAA-M37664;0;0.8;RUCILMDA0
DEL1-0-2-AAA-MEX68200;DEL1-2-AAA-MEX68200;0;0.8;RUCILMDA0
DEL1-0-2-AAA-NCO376;DEL1-2-AAA-NCO376;0;0.8;RUCILMDA0
DEL1-0-2-AAA-NIF5;DEL1-2-AAA-NIF5;0;0.8;RUCILMDA0
DEL1-0-2-AAA-Q110;DEL1-2-AAA-Q110;0;0.8;RUCILMDA0
DEL1-0-2-AAA-R570;DEL1-2-AAA-R570;0;0.8;RUCILMDA0
DEL1-0-2-AAA-R573;DEL1-2-AAA-R573;0;0.8;RUCILMDA0
DEL1-0-2-AAA-R579;DEL1-2-AAA-R579;0;0.8;RUCILMDA0
DEL1-0-2-AAA-R83288;DEL1-2-AAA-R83288;0;0.8;RUCILMDA0
DEL1-0-2-AAA-R932022;DEL1-2-AAA-R932022;0;0.8;RUCILMDA0
DEL1-0-2-AAA-SM8116;DEL1-2-AAA-SM8116;0;0.8;RUCILMDA0
DEL1-0-2-AAA-SP733108;DEL1-2-AAA-SP733108;0;0.8;RUCILMDA0
DEL1-0-2-AAA-SP801842;DEL1-2-AAA-SP801842;0;0.8;RUCILMDA0
DEL1-0-3-AAA-B37172;DEL1-3-AAA-B37172;0;0.8;RUCILMDA0
DEL1-0-3-AAA-CO312;DEL1-3-AAA-CO312;0;0.8;RUCILMDA0
DEL1-0-3-AAA-CP76331;DEL1-3-AAA-CP76331;0;0.8;RUCILMDA0
DEL1-0-3-AAA-F152;DEL1-3-AAA-F152;0;0.8;RUCILMDA0
DEL1-0-3-AAA-F160;DEL1-3-AAA-F160;0;0.8;RUCILMDA0
DEL1-0-3-AAA-H564848;DEL1-3-AAA-H564848;0;0.8;RUCILMDA0
DEL1-0-3-AAA-LF669657;DEL1-3-AAA-LF669657;0;0.8;RUCILMDA0
DEL1-0-3-AAA-M37664;DEL1-3-AAA-M37664;0;0.8;RUCILMDA0
DEL1-0-3-AAA-MEX68200;DEL1-3-AAA-MEX68200;0;0.8;RUCILMDA0
DEL1-0-3-AAA-NCO376;DEL1-3-AAA-NCO376;0;0.8;RUCILMDA0
DEL1-0-3-AAA-NIF5;DEL1-3-AAA-NIF5;0;0.8;RUCILMDA0
DEL1-0-3-AAA-Q110;DEL1-3-AAA-Q110;0;0.8;RUCILMDA0
DEL1-0-3-AAA-R570;DEL1-3-AAA-R570;0;0.8;RUCILMDA0
DEL1-0-3-AAA-R573;DEL1-3-AAA-R573;0;0.8;RUCILMDA0
DEL1-0-3-AAA-R579;DEL1-3-AAA-R579;0;0.8;RUCILMDA0
DEL1-0-3-AAA-R83288;DEL1-3-AAA-R83288;0;0.8;RUCILMDA0
DEL1-0-3-AAA-R932022;DEL1-3-AAA-R932022;0;0.8;RUCILMDA0
DEL1-0-3-AAA-SM8116;DEL1-3-AAA-SM8116;0;0.8;RUCILMDA0
DEL1-0-3-AAA-SP733108;DEL1-3-AAA-SP733108;0;0.8;RUCILMDA0
DEL1-0-3-AAA-SP801842;DEL1-3-AAA-SP801842;0;0.8;RUCILMDA0
DEL2-0-0-AAA-B37172;DEL2-0-AAA-B37172;0;0.8;NC
DEL2-0-0-AAA-CO312;DEL2-0-AAA-CO312;0;0.8;NC
DEL2-0-0-AAA-CP76331;DEL2-0-AAA-CP76331;0;0.8;NC
DEL2-0-0-AAA-F152;DEL2-0-AAA-F152;0;0.8;NC
DEL2-0-0-AAA-F160;DEL2-0-AAA-F160;0;0.8;NC
DEL2-0-0-AAA-H564848;DEL2-0-AAA-H564848;0;0.8;NC
DEL2-0-0-AAA-LF669657;DEL2-0-AAA-LF669657;0;0.8;NC
DEL2-0-0-AAA-M37664;DEL2-0-AAA-M37664;0;0.8;NC
DEL2-0-0-AAA-MEX68200;DEL2-0-AAA-MEX68200;0;0.8;NC
DEL2-0-0-AAA-NCO376;DEL2-0-AAA-NCO376;0;0.8;NC
DEL2-0-0-AAA-NIF5;DEL2-0-AAA-NIF5;0;0.8;NC
DEL2-0-0-AAA-Q110;DEL2-0-AAA-Q110;0;0.8;NC
DEL2-0-0-AAA-R570;DEL2-0-AAA-R570;0;0.8;NC
DEL2-0-0-AAA-R573;DEL2-0-AAA-R573;0;0.8;NC
DEL2-0-0-AAA-R579;DEL2-0-AAA-R579;0;0.8;NC
DEL2-0-0-AAA-R83288;DEL2-0-AAA-R83288;0;0.8;NC
DEL2-0-0-AAA-R932022;DEL2-0-AAA-R932022;0;0.8;NC
DEL2-0-0-AAA-SM8116;DEL2-0-AAA-SM8116;0;0.8;NC
DEL2-0-0-AAA-SP733108;DEL2-0-AAA-SP733108;0;0.8;NC
DEL2-0-0-AAA-SP801842;DEL2-0-AAA-SP801842;0;0.8;NC
DEL2-0-1-AAA-B37172;DEL2-1-AAA-B37172;0;0.8;NC
DEL2-0-1-AAA-CO312;DEL2-1-AAA-CO312;0;0.8;NC
DEL2-0-1-AAA-CP76331;DEL2-1-AAA-CP76331;0;0.8;NC
DEL2-0-1-AAA-F152;DEL2-1-AAA-F152;0;0.8;NC
DEL2-0-1-AAA-F160;DEL2-1-AAA-F160;0;0.8;NC
DEL2-0-1-AAA-H564848;DEL2-1-AAA-H564848;0;0.8;NC
DEL2-0-1-AAA-LF669657;DEL2-1-AAA-LF669657;0;0.8;NC
DEL2-0-1-AAA-M37664;DEL2-1-AAA-M37664;0;0.8;NC
DEL2-0-1-AAA-MEX68200;DEL2-1-AAA-MEX68200;0;0.8;NC
DEL2-0-1-AAA-NCO376;DEL2-1-AAA-NCO376;0;0.8;NC
DEL2-0-1-AAA-NIF5;DEL2-1-AAA-NIF5;0;0.8;NC
DEL2-0-1-AAA-Q110;DEL2-1-AAA-Q110;0;0.8;NC
DEL2-0-1-AAA-R570;DEL2-1-AAA-R570;0;0.8;NC
DEL2-0-1-AAA-R573;DEL2-1-AAA-R573;0;0.8;NC
DEL2-0-1-AAA-R579;DEL2-1-AAA-R579;0;0.8;NC
DEL2-0-1-AAA-R83288;DEL2-1-AAA-R83288;0;0.8;NC
DEL2-0-1-AAA-R932022;DEL2-1-AAA-R932022;0;0.8;NC
DEL2-0-1-AAA-SM8116;DEL2-1-AAA-SM8116;0;0.8;NC
DEL2-0-1-AAA-SP733108;DEL2-1-AAA-SP733108;0;0.8;NC
DEL2-0-1-AAA-SP801842;DEL2-1-AAA-SP801842;0;0.8;NC
DEL2-0-2-AAA-B37172;DEL2-2-AAA-B37172;0;0.8;NC
DEL2-0-2-AAA-CO312;DEL2-2-AAA-CO312;0;0.8;NC
DEL2-0-2-AAA-CP76331;DEL2-2-AAA-CP76331;0;0.8;NC
DEL2-0-2-AAA-F152;DEL2-2-AAA-F152;0;0.8;NC
DEL2-0-2-AAA-F160;DEL2-2-AAA-F160;0;0.8;NC
DEL2-0-2-AAA-H564848;DEL2-2-AAA-H564848;0;0.8;NC
DEL2-0-2-AAA-LF669657;DEL2-2-AAA-LF669657;0;0.8;NC
DEL2-0-2-AAA-M37664;DEL2-2-AAA-M37664;0;0.8;NC
DEL2-0-2-AAA-MEX68200;DEL2-2-AAA-MEX68200;0;0.8;NC
DEL2-0-2-AAA-NCO376;DEL2-2-AAA-NCO376;0;0.8;NC
DEL2-0-2-AAA-NIF5;DEL2-2-AAA-NIF5;0;0.8;NC
DEL2-0-2-AAA-Q110;DEL2-2-AAA-Q110;0;0.8;NC
DEL2-0-2-AAA-R570;DEL2-2-AAA-R570;0;0.8;NC
DEL2-0-2-AAA-R573;DEL2-2-AAA-R573;0;0.8;NC
DEL2-0-2-AAA-R579;DEL2-2-AAA-R579;0;0.8;NC
DEL2-0-2-AAA-R83288;DEL2-2-AAA-R83288;0;0.8;NC
DEL2-0-2-AAA-R932022;DEL2-2-AAA-R932022;0;0.8;NC
DEL2-0-2-AAA-SM8116;DEL2-2-AAA-SM8116;0;0.8;NC
DEL2-0-2-AAA-SP733108;DEL2-2-AAA-SP733108;0;0.8;NC
DEL2-0-2-AAA-SP801842;DEL2-2-AAA-SP801842;0;0.8;NC
DEL2-0-3-AAA-B37172;DEL2-3-AAA-B37172;0;0.8;NC
DEL2-0-3-AAA-CO312;DEL2-3-AAA-CO312;0;0.8;NC
DEL2-0-3-AAA-CP76331;DEL2-3-AAA-CP76331;0;0.8;NC
DEL2-0-3-AAA-F152;DEL2-3-AAA-F152;0;0.8;NC
DEL2-0-3-AAA-F160;DEL2-3-AAA-F160;0;0.8;NC
DEL2-0-3-AAA-H564848;DEL2-3-AAA-H564848;0;0.8;NC
DEL2-0-3-AAA-LF669657;DEL2-3-AAA-LF669657;0;0.8;NC
DEL2-0-3-AAA-M37664;DEL2-3-AAA-M37664;0;0.8;NC
DEL2-0-3-AAA-MEX68200;DEL2-3-AAA-MEX68200;0;0.8;NC
DEL2-0-3-AAA-NCO376;DEL2-3-AAA-NCO376;0;0.8;NC
DEL2-0-3-AAA-NIF5;DEL2-3-AAA-NIF5;0;0.8;NC
DEL2-0-3-AAA-Q110;DEL2-3-AAA-Q110;0;0.8;NC
DEL2-0-3-AAA-R570;DEL2-3-AAA-R570;0;0.8;NC
DEL2-0-3-AAA-R573;DEL2-3-AAA-R573;0;0.8;NC
DEL2-0-3-AAA-R579;DEL2-3-AAA-R579;0;0.8;NC
DEL2-0-3-AAA-R83288;DEL2-3-AAA-R83288;0;0.8;NC
DEL2-0-3-AAA-R932022;DEL2-3-AAA-R932022;0;0.8;NC
DEL2-0-3-AAA-SM8116;DEL2-3-AAA-SM8116;0;0.8;NC
DEL2-0-3-AAA-SP733108;DEL2-3-AAA-SP733108;0;0.8;NC
DEL2-0-3-AAA-SP801842;DEL2-3-AAA-SP801842;0;0.8;NC
GGO1-0-0-IRI-B80;GGO1-0-IRI-B80;0;0.17;GPGOB80I01
GGO1-0-0-IRI-B82;GGO1-0-IRI-B82;0;0.17;GPGOB82I01
GGO1-0-0-IRI-R570;GGO1-0-IRI-R570;0;0.17;GPGO570I01
GGO1-0-0-PLU-B80;GGO1-0-PLU-B80;0;0.17;NC
GGO1-0-0-PLU-B82;GGO1-0-PLU-B82;0;0.17;NC
GGO1-0-0-PLU-R570;GGO1-0-PLU-R570;0;0.17;NC
GGO1-1-0-PLU-B80;GGO1-0-PLU-B80;1;0.17;NC
GGO1-1-0-PLU-B82;GGO1-0-PLU-B82;1;0.17;NC
GGO1-1-0-PLU-R570;GGO1-0-PLU-R570;1;0.17;NC
GRB1-0-0-AAA-R570;GRB1-0-AAA-R570;0;0.5;RAINFED
GRB1-0-0-AAA-R579;GRB1-0-AAA-R579;0;0.5;RAINFED
GSJ1-0-0-AAA-B80;GSJ1-0-AAA-B80;0;0.5;GPSJB8001
GSJ1-0-0-AAA-B82;GSJ1-0-AAA-B82;0;0.5;GPSJB8201
GSJ1-0-0-AAA-R570;GSJ1-0-AAA-R570;0;0.5;GPSJ57001
GSJ1-1-0-AAA-B80;GSJ1-0-AAA-B80;1;0.5;NC
GSJ1-1-0-AAA-B82;GSJ1-0-AAA-B82;1;0.5;NC
GSJ1-1-0-AAA-R570;GSJ1-0-AAA-R570;1;0.5;NC
GVER-1-0-AAA-R570;GVER-0-AAA-R570;1;0.51;NC
LBIR-1-0-IR1-R570;LBIR-0-IR1-R570;1;0.25;NC
LBIR-1-0-IR2-R570;LBIR-0-IR2-R570;1;0.25;NC
LBIR-1-0-IR3-R570;LBIR-0-IR3-R570;1;0.25;NC
LBIR-1-0-IR4-R570;LBIR-0-IR4-R570;1;0.25;NC
LBIR-3-0-IRI-R570;LBIR-0-IRI-R570;3;0.25;LBIIR04
LBIR-3-0-PLU-R570;LBIR-0-PLU-R570;3;0.25;RAINFED
LBIR-4-0-IRI-R570;LBIR-0-IRI-R570;4;0.25;LBIIR05
LBIR-4-0-PLU-R570;LBIR-0-PLU-R570;4;0.25;RAINFED
LBNV-1-0-N00-R570;LBNV-0-N00-R570;1;0.25;NC
LBNV-1-0-N13-R570;LBNV-0-N13-R570;1;0.25;NC
LBNV-1-0-N30-R570;LBNV-0-N30-R570;1;0.25;NC
LBNV-2-0-N00-R570;LBNV-0-N00-R570;2;0.25;NC
LBNV-2-0-N00-R572;LBNV-0-N00-R572;2;0.25;NC
LBNV-2-0-N00-R573;LBNV-0-N00-R573;2;0.25;NC
LBNV-2-0-N00-R575;LBNV-0-N00-R575;2;0.25;NC
LBNV-2-0-N00-R577;LBNV-0-N00-R577;2;0.25;NC
LBNV-2-0-N00-R579;LBNV-0-N00-R579;2;0.25;NC
LBNV-2-0-N13-R570;LBNV-0-N13-R570;2;0.25;NC
LBNV-2-0-N13-R572;LBNV-0-N13-R572;2;0.25;NC
LBNV-2-0-N13-R573;LBNV-0-N13-R573;2;0.25;NC
LBNV-2-0-N13-R575;LBNV-0-N13-R575;2;0.25;NC
LBNV-2-0-N13-R577;LBNV-0-N13-R577;2;0.25;NC
LBNV-2-0-N13-R579;LBNV-0-N13-R579;2;0.25;NC
LBNV-2-0-N30-R570;LBNV-0-N30-R570;2;0.25;NC
LBNV-2-0-N30-R572;LBNV-0-N30-R572;2;0.25;NC
LBNV-2-0-N30-R573;LBNV-0-N30-R573;2;0.25;NC
LBNV-2-0-N30-R575;LBNV-0-N30-R575;2;0.25;NC
LBNV-2-0-N30-R577;LBNV-0-N30-R577;2;0.25;NC
LBNV-2-0-N30-R579;LBNV-0-N30-R579;2;0.25;NC
LBNV-4-0-N13-R570;LBNV-0-N13-R570;4;0.25;NC
LBNV-4-0-N13-R575;LBNV-0-N13-R575;4;0.25;NC
LBNV-4-0-N13-R577;LBNV-0-N13-R577;4;0.25;NC
LBNV-4-0-N13-R579;LBNV-0-N13-R579;4;0.25;NC
LINV-0-0-I00-R570;LINV-0-I00-R570;0;0.5;INV.0
LINV-0-0-I00-R575;LINV-0-I00-R575;0;0.5;INV.0
LINV-0-0-I00-R579;LINV-0-I00-R579;0;0.5;INV.0
LINV-0-0-I06-R570;LINV-0-I06-R570;0;0.5;INV.0
LINV-0-0-I06-R575;LINV-0-I06-R575;0;0.5;INV.0
LINV-0-0-I06-R579;LINV-0-I06-R579;0;0.5;INV.0
LINV-0-0-I13-R570;LINV-0-I13-R570;0;0.5;INV.0
SYP1-0-2-AAA-R109905;SYP1-2-AAA-R109905;0;0.8;SYP10
LINV-0-0-I13-R575;LINV-0-I13-R575;0;0.5;INV.0
LINV-0-0-I13-R579;LINV-0-I13-R579;0;0.5;INV.0
LINV-0-0-P00-R570;LINV-0-P00-R570;0;0.5;RAINFED
LINV-0-0-P00-R575;LINV-0-P00-R575;0;0.5;RAINFED
LINV-0-0-P00-R579;LINV-0-P00-R579;0;0.5;RAINFED
LINV-0-0-P06-R570;LINV-0-P06-R570;0;0.5;RAINFED
LINV-0-0-P06-R575;LINV-0-P06-R575;0;0.5;RAINFED
LINV-0-0-P06-R579;LINV-0-P06-R579;0;0.5;RAINFED
LINV-0-0-P13-R570;LINV-0-P13-R570;0;0.5;RAINFED
LINV-0-0-P13-R575;LINV-0-P13-R575;0;0.5;RAINFED
LINV-0-0-P13-R579;LINV-0-P13-R579;0;0.5;RAINFED
LINV-1-0-I13-R570;LINV-0-I13-R570;1;0.4;INV.1
LINV-1-0-P13-R570;LINV-0-P13-R570;1;0.4;RAINFED
LINV-3-0-I13-R570;LINV-0-I13-R570;3;0.4;INV.3
LINV-3-0-P13-R570;LINV-0-P13-R570;3;0.4;RAINFED
LSE1-1-0-AAA-R570;LSE1-0-AAA-R570;1;inisoil;SE1-1
MCT0-3-0-R11-CP70321;MCT0-0-R11-CP70321;3;0.999;MACT03R1C104
MCT0-3-0-R12-CP70321;MCT0-0-R12-CP70321;3;0.42;MACT03R1C204
MCT0-3-0-R21-CP70321;MCT0-0-R21-CP70321;3;0.999;MACT03R2C104
MCT0-3-0-R22-CP70321;MCT0-0-R22-CP70321;3;0.42;MACT03R2C204
MREG-1-0-IR1-CP70321;MREG-0-IR1-CP70321;1;0.8;MA06REG1
MREG-1-0-IR2-CP70321;MREG-0-IR2-CP70321;1;0.8;MA06REG2
MREG-1-0-IR3-CP70321;MREG-0-IR3-CP70321;1;0.8;MA06REG3
MREG-1-0-IR4-CP70321;MREG-0-IR4-CP70321;1;0.8;MA06REG4
MREG-1-0-IR5-CP70321;MREG-0-IR5-CP70321;1;0.8;MA06REG5
MREG-2-0-IR1-CP70321;MREG-0-IR1-CP70321;2;0.8;MA07REG1
MREG-2-0-IR2-CP70321;MREG-0-IR2-CP70321;2;0.8;MA07REG2
MREG-2-0-IR3-CP70321;MREG-0-IR3-CP70321;2;0.8;MA07REG3
MREG-2-0-IR4-CP70321;MREG-0-IR4-CP70321;2;0.8;MA07REG4
MREG-2-0-IR5-CP70321;MREG-0-IR5-CP70321;2;0.8;MA07REG5
MSTR-1-0-ST1-CP70321;MSTR-0-ST1-CP70321;1;0.8;MA06STRESS1
MSTR-1-0-ST2-CP70321;MSTR-0-ST2-CP70321;1;0.8;MA06STRESS2
MSTR-1-0-ST3-CP70321;MSTR-0-ST3-CP70321;1;0.8;MA06STRESS3
MSTR-2-0-ST1-CP70321;MSTR-0-ST1-CP70321;2;0.8;MA07STRESS1
MSTR-2-0-ST2-CP70321;MSTR-0-ST2-CP70321;2;0.8;MA07STRESS2
MSTR-2-0-ST3-CP70321;MSTR-0-ST3-CP70321;2;0.8;MA07STRESS3
NAYA-0-0-IRI-R570;NAYA-0-IRI-R570;0;0.25;BVIT687
NAYA-0-0-PLU-R570;NAYA-0-PLU-R570;0;0.25;RAINFED
NAYA-1-0-IRI-R570;NAYA-0-IRI-R570;1;0.25;BVIT688
NAYA-1-0-PLU-R570;NAYA-0-PLU-R570;1;0.25;RAINFED
NAYA-2-0-IRI-R570;NAYA-0-IRI-R570;2;0.25;BVIT689
NAYA-2-0-PLU-R570;NAYA-0-PLU-R570;2;0.25;RAINFED
SDM1-0-0-AAA-CO6806;SDM1-0-AAA-CO6806;0;0.25;NC
SDM1-0-0-AAA-N14;SDM1-0-AAA-N14;0;0.25;NC
SDM1-0-0-AAA-SP701284;SDM1-0-AAA-SP701284;0;0.25;NC
SYP1-0-1-AAA-R109001;SYP1-1-AAA-R109001;0;0.8;SYP10
SYP1-0-1-AAA-R109003;SYP1-1-AAA-R109003;0;0.8;SYP10
SYP1-0-1-AAA-R109005;SYP1-1-AAA-R109005;0;0.8;SYP10
SYP1-0-1-AAA-R109901;SYP1-1-AAA-R109901;0;0.8;SYP10
SYP1-0-1-AAA-R109902;SYP1-1-AAA-R109902;0;0.8;SYP10
SYP1-0-1-AAA-R109903;SYP1-1-AAA-R109903;0;0.8;SYP10
SYP1-0-1-AAA-R109904;SYP1-1-AAA-R109904;0;0.8;SYP10
SYP1-0-1-AAA-R109905;SYP1-1-AAA-R109905;0;0.8;SYP10
SYP1-0-1-AAA-R109906;SYP1-1-AAA-R109906;0;0.8;SYP10
SYP1-0-1-AAA-R109907;SYP1-1-AAA-R109907;0;0.8;SYP10
SYP1-0-1-AAA-R109908;SYP1-1-AAA-R109908;0;0.8;SYP10
SYP1-0-1-AAA-R109909;SYP1-1-AAA-R109909;0;0.8;SYP10
SYP1-0-1-AAA-R570;SYP1-1-AAA-R570;0;0.8;SYP10
SYP1-0-1-AAA-R585;SYP1-1-AAA-R585;0;0.8;SYP10
SYP1-0-1-AAA-WI78402;SYP1-1-AAA-WI78402;0;0.8;SYP10
SYP1-0-1-AAA-WI79460;SYP1-1-AAA-WI79460;0;0.8;SYP10
SYP1-0-1-AAA-WI79461;SYP1-1-AAA-WI79461;0;0.8;SYP10
SYP1-0-1-AAA-WI80542;SYP1-1-AAA-WI80542;0;0.8;SYP10
SYP1-0-1-AAA-WI81456;SYP1-1-AAA-WI81456;0;0.8;SYP10
SYP1-0-1-AAA-WI8615;SYP1-1-AAA-WI8615;0;0.8;SYP10
SYP1-0-2-AAA-R109001;SYP1-2-AAA-R109001;0;0.8;SYP10
SYP1-0-2-AAA-R109003;SYP1-2-AAA-R109003;0;0.8;SYP10
SYP1-0-2-AAA-R109005;SYP1-2-AAA-R109005;0;0.8;SYP10
SYP1-0-2-AAA-R109901;SYP1-2-AAA-R109901;0;0.8;SYP10
SYP1-0-2-AAA-R109902;SYP1-2-AAA-R109902;0;0.8;SYP10
SYP1-0-2-AAA-R109903;SYP1-2-AAA-R109903;0;0.8;SYP10
SYP1-0-2-AAA-R109904;SYP1-2-AAA-R109904;0;0.8;SYP10
SYP1-0-2-AAA-R109906;SYP1-2-AAA-R109906;0;0.8;SYP10
SYP1-0-2-AAA-R109907;SYP1-2-AAA-R109907;0;0.8;SYP10
SYP1-0-2-AAA-R109908;SYP1-2-AAA-R109908;0;0.8;SYP10
SYP1-0-2-AAA-R109909;SYP1-2-AAA-R109909;0;0.8;SYP10
SYP1-0-2-AAA-R570;SYP1-2-AAA-R570;0;0.8;SYP10
SYP1-0-2-AAA-R585;SYP1-2-AAA-R585;0;0.8;SYP10
SYP1-0-2-AAA-WI78402;SYP1-2-AAA-WI78402;0;0.8;SYP10
SYP1-0-2-AAA-WI79460;SYP1-2-AAA-WI79460;0;0.8;SYP10
SYP1-0-2-AAA-WI79461;SYP1-2-AAA-WI79461;0;0.8;SYP10
SYP1-0-2-AAA-WI80542;SYP1-2-AAA-WI80542;0;0.8;SYP10
SYP1-0-2-AAA-WI81456;SYP1-2-AAA-WI81456;0;0.8;SYP10
SYP1-0-2-AAA-WI8615;SYP1-2-AAA-WI8615;0;0.8;SYP10
SYP1-0-3-AAA-R109001;SYP1-3-AAA-R109001;0;0.8;SYP10
SYP1-0-3-AAA-R109003;SYP1-3-AAA-R109003;0;0.8;SYP10
SYP1-0-3-AAA-R109005;SYP1-3-AAA-R109005;0;0.8;SYP10
SYP1-0-3-AAA-R109901;SYP1-3-AAA-R109901;0;0.8;SYP10
SYP1-0-3-AAA-R109902;SYP1-3-AAA-R109902;0;0.8;SYP10
SYP1-0-3-AAA-R109903;SYP1-3-AAA-R109903;0;0.8;SYP10
SYP1-0-3-AAA-R109904;SYP1-3-AAA-R109904;0;0.8;SYP10
SYP1-0-3-AAA-R109905;SYP1-3-AAA-R109905;0;0.8;SYP10
SYP1-0-3-AAA-R109906;SYP1-3-AAA-R109906;0;0.8;SYP10
SYP1-0-3-AAA-R109907;SYP1-3-AAA-R109907;0;0.8;SYP10
SYP1-0-3-AAA-R109908;SYP1-3-AAA-R109908;0;0.8;SYP10
SYP1-0-3-AAA-R109909;SYP1-3-AAA-R109909;0;0.8;SYP10
SYP1-0-3-AAA-R570;SYP1-3-AAA-R570;0;0.8;SYP10
SYP1-0-3-AAA-R585;SYP1-3-AAA-R585;0;0.8;SYP10
SYP1-0-3-AAA-WI78402;SYP1-3-AAA-WI78402;0;0.8;SYP10
SYP1-0-3-AAA-WI79460;SYP1-3-AAA-WI79460;0;0.8;SYP10
SYP1-0-3-AAA-WI79461;SYP1-3-AAA-WI79461;0;0.8;SYP10
SYP1-0-3-AAA-WI80542;SYP1-3-AAA-WI80542;0;0.8;SYP10
SYP1-0-3-AAA-WI81456;SYP1-3-AAA-WI81456;0;0.8;SYP10
SYP1-0-3-AAA-WI8615;SYP1-3-AAA-WI8615;0;0.8;SYP10
SYP2-0-1-AAA-R109001;SYP2-1-AAA-R109001;0;0.8;RAINFED
SYP2-0-1-AAA-R109003;SYP2-1-AAA-R109003;0;0.8;RAINFED
SYP2-0-1-AAA-R109005;SYP2-1-AAA-R109005;0;0.8;RAINFED
SYP2-0-1-AAA-R109901;SYP2-1-AAA-R109901;0;0.8;RAINFED
SYP2-0-1-AAA-R109902;SYP2-1-AAA-R109902;0;0.8;RAINFED
SYP2-0-1-AAA-R109903;SYP2-1-AAA-R109903;0;0.8;RAINFED
SYP2-0-1-AAA-R109904;SYP2-1-AAA-R109904;0;0.8;RAINFED
SYP2-0-1-AAA-R109905;SYP2-1-AAA-R109905;0;0.8;RAINFED
SYP2-0-1-AAA-R109906;SYP2-1-AAA-R109906;0;0.8;RAINFED
SYP2-0-1-AAA-R109907;SYP2-1-AAA-R109907;0;0.8;RAINFED
SYP2-0-1-AAA-R109908;SYP2-1-AAA-R109908;0;0.8;RAINFED
SYP2-0-1-AAA-R109909;SYP2-1-AAA-R109909;0;0.8;RAINFED
SYP2-0-1-AAA-R570;SYP2-1-AAA-R570;0;0.8;RAINFED
SYP2-0-1-AAA-R585;SYP2-1-AAA-R585;0;0.8;RAINFED
SYP2-0-1-AAA-WI78402;SYP2-1-AAA-WI78402;0;0.8;RAINFED
SYP2-0-1-AAA-WI79460;SYP2-1-AAA-WI79460;0;0.8;RAINFED
SYP2-0-1-AAA-WI79461;SYP2-1-AAA-WI79461;0;0.8;RAINFED
SYP2-0-1-AAA-WI80542;SYP2-1-AAA-WI80542;0;0.8;RAINFED
SYP2-0-1-AAA-WI81456;SYP2-1-AAA-WI81456;0;0.8;RAINFED
SYP2-0-1-AAA-WI8615;SYP2-1-AAA-WI8615;0;0.8;RAINFED
SYP2-0-2-AAA-R109001;SYP2-2-AAA-R109001;0;0.8;RAINFED
SYP2-0-2-AAA-R109003;SYP2-2-AAA-R109003;0;0.8;RAINFED
SYP2-0-2-AAA-R109005;SYP2-2-AAA-R109005;0;0.8;RAINFED
SYP2-0-2-AAA-R109901;SYP2-2-AAA-R109901;0;0.8;RAINFED
SYP2-0-2-AAA-R109902;SYP2-2-AAA-R109902;0;0.8;RAINFED
SYP2-0-2-AAA-R109903;SYP2-2-AAA-R109903;0;0.8;RAINFED
SYP2-0-2-AAA-R109904;SYP2-2-AAA-R109904;0;0.8;RAINFED
SYP2-0-2-AAA-R109905;SYP2-2-AAA-R109905;0;0.8;RAINFED
SYP2-0-2-AAA-R109906;SYP2-2-AAA-R109906;0;0.8;RAINFED
SYP2-0-2-AAA-R109907;SYP2-2-AAA-R109907;0;0.8;RAINFED
SYP2-0-2-AAA-R109908;SYP2-2-AAA-R109908;0;0.8;RAINFED
SYP2-0-2-AAA-R109909;SYP2-2-AAA-R109909;0;0.8;RAINFED
SYP2-0-2-AAA-R570;SYP2-2-AAA-R570;0;0.8;RAINFED
SYP2-0-2-AAA-R585;SYP2-2-AAA-R585;0;0.8;RAINFED
SYP2-0-2-AAA-WI78402;SYP2-2-AAA-WI78402;0;0.8;RAINFED
SYP2-0-2-AAA-WI79460;SYP2-2-AAA-WI79460;0;0.8;RAINFED
SYP2-0-2-AAA-WI79461;SYP2-2-AAA-WI79461;0;0.8;RAINFED
SYP2-0-2-AAA-WI80542;SYP2-2-AAA-WI80542;0;0.8;RAINFED
SYP2-0-2-AAA-WI81456;SYP2-2-AAA-WI81456;0;0.8;RAINFED
SYP2-0-2-AAA-WI8615;SYP2-2-AAA-WI8615;0;0.8;RAINFED
SYP2-0-3-AAA-R109001;SYP2-3-AAA-R109001;0;0.8;RAINFED
SYP2-0-3-AAA-R109003;SYP2-3-AAA-R109003;0;0.8;RAINFED
SYP2-0-3-AAA-R109005;SYP2-3-AAA-R109005;0;0.8;RAINFED
SYP2-0-3-AAA-R109901;SYP2-3-AAA-R109901;0;0.8;RAINFED
SYP2-0-3-AAA-R109902;SYP2-3-AAA-R109902;0;0.8;RAINFED
SYP2-0-3-AAA-R109903;SYP2-3-AAA-R109903;0;0.8;RAINFED
SYP2-0-3-AAA-R109904;SYP2-3-AAA-R109904;0;0.8;RAINFED
SYP2-0-3-AAA-R109905;SYP2-3-AAA-R109905;0;0.8;RAINFED
SYP2-0-0-AAA-R109903;SYP2-0-AAA-R109903;0;0.8;RAINFED
SYP2-0-3-AAA-R109906;SYP2-3-AAA-R109906;0;0.8;RAINFED
SYP2-0-3-AAA-R109907;SYP2-3-AAA-R109907;0;0.8;RAINFED
SYP2-0-3-AAA-R109908;SYP2-3-AAA-R109908;0;0.8;RAINFED
SYP2-0-3-AAA-R109909;SYP2-3-AAA-R109909;0;0.8;RAINFED
SYP2-0-3-AAA-R570;SYP2-3-AAA-R570;0;0.8;RAINFED
SYP2-0-3-AAA-R585;SYP2-3-AAA-R585;0;0.8;RAINFED
SYP2-0-3-AAA-WI78402;SYP2-3-AAA-WI78402;0;0.8;RAINFED
SYP2-0-3-AAA-WI79460;SYP2-3-AAA-WI79460;0;0.8;RAINFED
SYP2-0-3-AAA-WI79461;SYP2-3-AAA-WI79461;0;0.8;RAINFED
SYP2-0-3-AAA-WI80542;SYP2-3-AAA-WI80542;0;0.8;RAINFED
SYP2-0-3-AAA-WI81456;SYP2-3-AAA-WI81456;0;0.8;RAINFED
SYP2-0-3-AAA-WI8615;SYP2-3-AAA-WI8615;0;0.8;RAINFED
TIR1-2-0-IRI-R570;TIR1-0-IRI-R570;2;0.95;TI1-2-IRI
TIR1-2-0-SEV-R570;TIR1-0-SEV-R570;2;0.95;TI1-2-SEV
TIR1-3-0-IRI-R570;TIR1-0-IRI-R570;3;inisoil;TI1-3-IRI
TIR1-3-0-SEV-R570;TIR1-0-SEV-R570;3;inisoil;TI1-3-SEV
TIR1-5-0-AAA-R570;TIR1-0-AAA-R570;5;inisoil;TI1-5-IRI
SYP1-0-0-AAA-R109001;SYP1-0-AAA-R109001;0;0.8;SYP10
SYP1-0-0-AAA-R109003;SYP1-0-AAA-R109003;0;0.8;SYP10
SYP1-0-0-AAA-R109005;SYP1-0-AAA-R109005;0;0.8;SYP10
SYP1-0-0-AAA-R109901;SYP1-0-AAA-R109901;0;0.8;SYP10
SYP1-0-0-AAA-R109902;SYP1-0-AAA-R109902;0;0.8;SYP10
SYP1-0-0-AAA-R109903;SYP1-0-AAA-R109903;0;0.8;SYP10
SYP1-0-0-AAA-R109904;SYP1-0-AAA-R109904;0;0.8;SYP10
SYP1-0-0-AAA-R109905;SYP1-0-AAA-R109905;0;0.8;SYP10
SYP1-0-0-AAA-R109906;SYP1-0-AAA-R109906;0;0.8;SYP10
SYP1-0-0-AAA-R109907;SYP1-0-AAA-R109907;0;0.8;SYP10
SYP1-0-0-AAA-R109908;SYP1-0-AAA-R109908;0;0.8;SYP10
SYP1-0-0-AAA-R109909;SYP1-0-AAA-R109909;0;0.8;SYP10
SYP1-0-0-AAA-R570;SYP1-0-AAA-R570;0;0.8;SYP10
SYP1-0-0-AAA-R585;SYP1-0-AAA-R585;0;0.8;SYP10
SYP1-0-0-AAA-WI78402;SYP1-0-AAA-WI78402;0;0.8;SYP10
SYP1-0-0-AAA-WI79460;SYP1-0-AAA-WI79460;0;0.8;SYP10
SYP1-0-0-AAA-WI79461;SYP1-0-AAA-WI79461;0;0.8;SYP10
SYP1-0-0-AAA-WI80542;SYP1-0-AAA-WI80542;0;0.8;SYP10
SYP1-0-0-AAA-WI81456;SYP1-0-AAA-WI81456;0;0.8;SYP10
SYP1-0-0-AAA-WI8615;SYP1-0-AAA-WI8615;0;0.8;SYP10
SYP2-0-0-AAA-R109001;SYP2-0-AAA-R109001;0;0.8;RAINFED
SYP2-0-0-AAA-R109003;SYP2-0-AAA-R109003;0;0.8;RAINFED
SYP2-0-0-AAA-R109005;SYP2-0-AAA-R109005;0;0.8;RAINFED
SYP2-0-0-AAA-R109901;SYP2-0-AAA-R109901;0;0.8;RAINFED
SYP2-0-0-AAA-R109902;SYP2-0-AAA-R109902;0;0.8;RAINFED
SYP2-0-0-AAA-R109904;SYP2-0-AAA-R109904;0;0.8;RAINFED
SYP2-0-0-AAA-R109905;SYP2-0-AAA-R109905;0;0.8;RAINFED
SYP2-0-0-AAA-R109906;SYP2-0-AAA-R109906;0;0.8;RAINFED
SYP2-0-0-AAA-R109907;SYP2-0-AAA-R109907;0;0.8;RAINFED
SYP2-0-0-AAA-R109908;SYP2-0-AAA-R109908;0;0.8;RAINFED
SYP2-0-0-AAA-R109909;SYP2-0-AAA-R109909;0;0.8;RAINFED
SYP2-0-0-AAA-R570;SYP2-0-AAA-R570;0;0.8;RAINFED
SYP2-0-0-AAA-R585;SYP2-0-AAA-R585;0;0.8;RAINFED
SYP2-0-0-AAA-WI78402;SYP2-0-AAA-WI78402;0;0.8;RAINFED
SYP2-0-0-AAA-WI79460;SYP2-0-AAA-WI79460;0;0.8;RAINFED
SYP2-0-0-AAA-WI79461;SYP2-0-AAA-WI79461;0;0.8;RAINFED
SYP2-0-0-AAA-WI80542;SYP2-0-AAA-WI80542;0;0.8;RAINFED
SYP2-0-0-AAA-WI81456;SYP2-0-AAA-WI81456;0;0.8;RAINFED
SYP2-0-0-AAA-WI8615;SYP2-0-AAA-WI8615;0;0.8;RAINFED
GRA2-0-0-AAA-R579;GRA2-0-AAA-R579;0;0.9;RAINFED
GRA2-1-0-A04-R579;GRA2-0-A04-R579;1;0.9;RAINFED
GRA2-1-0-A07-R579;GRA2-0-A07-R579;1;0.9;RAINFED
GRA6-0-0-AAA-BBZ92076;GRA6-0-AAA-BBZ92076;0;0.9;RAINFED
GRA6-0-0-AAA-WI79460;GRA6-0-AAA-WI79460;0;0.9;RAINFED
GRA6-0-0-AAA-WI81456;GRA6-0-AAA-WI81456;0;0.9;RAINFED
GRAJ-0-0-AAA-BBZ92076;GRAJ-0-AAA-BBZ92076;0;0.9;RAINFED
GRAJ-1-0-AAA-BBZ92076;GRAJ-0-AAA-BBZ92076;1;0.9;RAINFED
GRAN-0-0-AAA-BBZ92076;GRAN-0-AAA-BBZ92076;0;0.9;RAINFED
GRAN-1-0-AAA-BBZ92076;GRAN-0-AAA-BBZ92076;1;0.9;RAINFED
GRR1-0-0-AAA-BBZ92076;GRR1-0-AAA-BBZ92076;0;0.9;RAINFED
GRR1-0-0-AAA-WI79460;GRR1-0-AAA-WI79460;0;0.9;RAINFED
GRR1-0-0-AAA-WI79461;GRR1-0-AAA-WI79461;0;0.9;RAINFED
GRR1-0-0-AAA-WI81456;GRR1-0-AAA-WI81456;0;0.9;RAINFED
GRV3-0-0-AAA-R579;GRV3-0-AAA-R579;0;0.9;RAINFED
GRV4-0-0-AAA-R579;GRV4-0-AAA-R579;0;0.9;RAINFED
GRV4-0-0-AAA-WI79460;GRV4-0-AAA-WI79460;0;0.9;RAINFED
GRV4-0-0-AAA-WI79461;GRV4-0-AAA-WI79461;0;0.9;RAINFED
GRV4-0-0-AAA-WI81456;GRV4-0-AAA-WI81456;0;0.9;RAINFED
GRV4-1-0-AAA-R579;GRV4-0-AAA-R579;1;0.9;RAINFED
GRV4-1-0-AAA-WI79460;GRV4-0-AAA-WI79460;1;0.9;RAINFED
GRV4-1-0-AAA-WI79461;GRV4-0-AAA-WI79461;1;0.9;RAINFED
GRV4-1-0-AAA-WI81456;GRV4-0-AAA-WI81456;1;0.9;RAINFED
GRV4-2-0-AAA-R579;GRV4-0-AAA-R579;2;0.9;RAINFED
GRV4-2-0-AAA-WI79460;GRV4-0-AAA-WI79460;2;0.9;RAINFED
GRV4-2-0-AAA-WI79461;GRV4-0-AAA-WI79461;2;0.9;RAINFED
GRV4-2-0-AAA-WI81456;GRV4-0-AAA-WI81456;2;0.9;RAINFED
GRV5-0-0-AAA-BBZ92076;GRV5-0-AAA-BBZ92076;0;0.9;RAINFED
GRV5-0-0-AAA-R579;GRV5-0-AAA-R579;0;0.9;RAINFED
GRV5-1-0-AAA-BBZ92076;GRV5-0-AAA-BBZ92076;1;0.9;RAINFED
GRV5-2-0-AAA-BBZ92076;GRV5-0-AAA-BBZ92076;2;0.9;RAINFED
GRV6-0-0-AAA-BBZ92076;GRV6-0-AAA-BBZ92076;0;0.9;RAINFED
GRV6-0-0-AAA-WI79460;GRV6-0-AAA-WI79460;0;0.9;RAINFED
GRV6-0-0-AAA-WI79461;GRV6-0-AAA-WI79461;0;0.9;RAINFED
GRV6-0-0-AAA-WI81456;GRV6-0-AAA-WI81456;0;0.9;RAINFED
GRV7-0-0-AAA-BBZ92076;GRV7-0-AAA-BBZ92076;0;0.9;RAINFED
GRV7-0-0-AAA-WI79460;GRV7-0-AAA-WI79460;0;0.9;RAINFED
GRV7-0-0-AAA-WI81456;GRV7-0-AAA-WI81456;0;0.9;RAINFED
GRV8-0-0-AAA-BBZ92076;GRV8-0-AAA-BBZ92076;0;0.9;RAINFED
GRV8-0-0-AAA-WI79460;GRV8-0-AAA-WI79460;0;0.9;RAINFED
GRV8-0-0-AAA-WI79461;GRV8-0-AAA-WI79461;0;0.9;RAINFED
GRV8-0-0-AAA-WI81456;GRV8-0-AAA-WI81456;0;0.9;RAINFED
AYRG-0-0-N01-Q117;AYRG-0-N01-Q117;0;0.9;AYR-0
AYRG-0-0-N02-Q117;AYRG-0-N02-Q117;0;0.9;AYR-0
AYRG-0-0-N03-Q117;AYRG-0-N03-Q117;0;0.9;AYR-0
AYRG-1-0-N01-Q117;AYRG-0-N01-Q117;1;0.9;AYR-1
AYRG-1-0-N02-Q117;AYRG-0-N02-Q117;1;0.9;AYR-1
AYRG-1-0-N03-Q117;AYRG-0-N03-Q117;1;0.9;AYR-1
CHIG-0-0-ZN6-ZN6;CHIG-0-ZN6-ZN6;0;0.9;CHI-0
CHIG-0-0-ZN7-ZN7;CHIG-0-ZN7-ZN7;0;0.9;CHI-0
CHIG-1-0-ZN6-ZN6;CHIG-0-ZN6-ZN6;1;0.9;CHI-1
CHIG-1-0-ZN7-ZN7;CHIG-0-ZN7-ZN7;1;0.9;CHI-1
CHIG-2-0-ZN6-ZN6;CHIG-0-ZN6-ZN6;2;0.9;CHI-2
CHIG-2-0-ZN7-ZN7;CHIG-0-ZN7-ZN7;2;0.9;CHI-2
HOUG-0-0-P01-HOCP96540;HOUG-0-P01-HOCP96540;0;0.9;RAINFED
HOUG-0-0-P02-HOCP96540;HOUG-0-P02-HOCP96540;0;0.9;RAINFED
INGG-0-0-N01-Q117;INGG-0-N01-Q117;0;0.9;ING-0
INGG-0-0-N02-Q117;INGG-0-N02-Q117;0;0.9;ING-0
INGG-0-0-N03-Q117;INGG-0-N03-Q117;0;0.9;ING-0
INGG-1-0-N01-Q117;INGG-0-N01-Q117;1;0.9;ING-1
INGG-1-0-N02-Q117;INGG-0-N02-Q117;1;0.9;ING-1
INGG-1-0-N03-Q117;INGG-0-N03-Q117;1;0.9;ING-1
KOMG-1-0-IR1-N25;KOMG-0-IR1-N25;1;0.9;KOM-1
KOMG-1-0-IR2-N25;KOMG-0-IR2-N25;1;0.9;KOM-2
KOMG-1-0-IR3-N25;KOMG-0-IR3-N25;1;0.9;KOM-3
LAMG-1-0-SD1-NCO376;LAMG-0-SD1-NCO376;1;0.9;RAINFED
LAMG-1-0-SD2-NCO376;LAMG-0-SD2-NCO376;1;0.9;RAINFED
LAMG-1-0-SD3-NCO376;LAMG-0-SD3-NCO376;1;0.9;RAINFED
LAMG-1-0-SD4-NCO376;LAMG-0-SD4-NCO376;1;0.9;RAINFED
LAMG-1-0-SD5-NCO376;LAMG-0-SD5-NCO376;1;0.9;RAINFED
LAMG-1-0-SD6-NCO376;LAMG-0-SD6-NCO376;1;0.9;RAINFED
LAMG-1-0-SD7-NCO376;LAMG-0-SD7-NCO376;1;0.9;RAINFED
LAMG-1-0-SD8-NCO376;LAMG-0-SD8-NCO376;1;0.9;RAINFED
PIRG-0-0-IRR-RB72454;PIRG-0-IRR-RB72454;0;0.9;PIRA-0
PIRG-0-0-PLU-RB72454;PIRG-0-PLU-RB72454;0;0.9;RAINFED
SCSG-0-0-RS1-CR74250;SCSG-0-RS1-CR74250;0;0.9;SCS-0
SCSG-0-0-RS2-CR74250;SCSG-0-RS2-CR74250;0;0.9;SCS-0
SCSG-0-0-RS3-CR74250;SCSG-0-RS3-CR74250;0;0.9;SCS-0
SCSG-0-0-RS4-CR74250;SCSG-0-RS4-CR74250;0;0.9;SCS-0
SYP1-1-0-AAA-R109001;SYP1-0-AAA-R109001;1;0.8;SYP11
SYP1-1-0-AAA-R109003;SYP1-0-AAA-R109003;1;0.8;SYP11
SYP1-1-0-AAA-R109005;SYP1-0-AAA-R109005;1;0.8;SYP11
SYP1-1-0-AAA-R109901;SYP1-0-AAA-R109901;1;0.8;SYP11
SYP1-1-0-AAA-R109902;SYP1-0-AAA-R109902;1;0.8;SYP11
SYP1-1-0-AAA-R109903;SYP1-0-AAA-R109903;1;0.8;SYP11
SYP1-1-0-AAA-R109904;SYP1-0-AAA-R109904;1;0.8;SYP11
SYP1-1-0-AAA-R109905;SYP1-0-AAA-R109905;1;0.8;SYP11
SYP1-1-0-AAA-R109906;SYP1-0-AAA-R109906;1;0.8;SYP11
SYP1-1-0-AAA-R109907;SYP1-0-AAA-R109907;1;0.8;SYP11
SYP1-1-0-AAA-R109908;SYP1-0-AAA-R109908;1;0.8;SYP11
SYP1-1-0-AAA-R109909;SYP1-0-AAA-R109909;1;0.8;SYP11
SYP1-1-0-AAA-R570;SYP1-0-AAA-R570;1;0.8;SYP11
SYP1-1-0-AAA-R585;SYP1-0-AAA-R585;1;0.8;SYP11
SYP1-1-0-AAA-WI78402;SYP1-0-AAA-WI78402;1;0.8;SYP11
SYP1-1-0-AAA-WI79460;SYP1-0-AAA-WI79460;1;0.8;SYP11
SYP1-1-0-AAA-WI79461;SYP1-0-AAA-WI79461;1;0.8;SYP11
SYP1-1-0-AAA-WI80542;SYP1-0-AAA-WI80542;1;0.8;SYP11
SYP1-1-0-AAA-WI81456;SYP1-0-AAA-WI81456;1;0.8;SYP11
SYP1-1-0-AAA-WI8615;SYP1-0-AAA-WI8615;1;0.8;SYP11
SYP1-1-1-AAA-R109001;SYP1-1-AAA-R109001;1;0.8;SYP11
SYP1-1-1-AAA-R109003;SYP1-1-AAA-R109003;1;0.8;SYP11
SYP1-1-1-AAA-R109005;SYP1-1-AAA-R109005;1;0.8;SYP11
SYP1-1-1-AAA-R109901;SYP1-1-AAA-R109901;1;0.8;SYP11
SYP1-1-1-AAA-R109902;SYP1-1-AAA-R109902;1;0.8;SYP11
SYP1-1-1-AAA-R109903;SYP1-1-AAA-R109903;1;0.8;SYP11
SYP1-1-1-AAA-R109904;SYP1-1-AAA-R109904;1;0.8;SYP11
SYP1-1-1-AAA-R109905;SYP1-1-AAA-R109905;1;0.8;SYP11
SYP1-1-1-AAA-R109906;SYP1-1-AAA-R109906;1;0.8;SYP11
SYP1-1-1-AAA-R109907;SYP1-1-AAA-R109907;1;0.8;SYP11
SYP1-1-1-AAA-R109908;SYP1-1-AAA-R109908;1;0.8;SYP11
SYP1-1-1-AAA-R109909;SYP1-1-AAA-R109909;1;0.8;SYP11
SYP1-1-1-AAA-R570;SYP1-1-AAA-R570;1;0.8;SYP11
SYP1-1-1-AAA-R585;SYP1-1-AAA-R585;1;0.8;SYP11
SYP1-1-1-AAA-WI78402;SYP1-1-AAA-WI78402;1;0.8;SYP11
SYP1-1-1-AAA-WI79460;SYP1-1-AAA-WI79460;1;0.8;SYP11
SYP1-1-1-AAA-WI79461;SYP1-1-AAA-WI79461;1;0.8;SYP11
SYP1-1-1-AAA-WI80542;SYP1-1-AAA-WI80542;1;0.8;SYP11
SYP1-1-1-AAA-WI81456;SYP1-1-AAA-WI81456;1;0.8;SYP11
SYP1-1-1-AAA-WI8615;SYP1-1-AAA-WI8615;1;0.8;SYP11
SYP1-1-2-AAA-R109001;SYP1-2-AAA-R109001;1;0.8;SYP11
SYP1-1-2-AAA-R109003;SYP1-2-AAA-R109003;1;0.8;SYP11
SYP1-1-2-AAA-R109005;SYP1-2-AAA-R109005;1;0.8;SYP11
SYP1-1-2-AAA-R109901;SYP1-2-AAA-R109901;1;0.8;SYP11
SYP1-1-2-AAA-R109902;SYP1-2-AAA-R109902;1;0.8;SYP11
SYP1-1-2-AAA-R109903;SYP1-2-AAA-R109903;1;0.8;SYP11
SYP1-1-2-AAA-R109904;SYP1-2-AAA-R109904;1;0.8;SYP11
SYP1-1-2-AAA-R109905;SYP1-2-AAA-R109905;1;0.8;SYP11
SYP1-1-2-AAA-R109906;SYP1-2-AAA-R109906;1;0.8;SYP11
SYP1-1-2-AAA-R109907;SYP1-2-AAA-R109907;1;0.8;SYP11
SYP1-1-2-AAA-R109908;SYP1-2-AAA-R109908;1;0.8;SYP11
SYP1-1-2-AAA-R109909;SYP1-2-AAA-R109909;1;0.8;SYP11
SYP1-1-2-AAA-R570;SYP1-2-AAA-R570;1;0.8;SYP11
SYP1-1-2-AAA-R585;SYP1-2-AAA-R585;1;0.8;SYP11
SYP1-1-2-AAA-WI78402;SYP1-2-AAA-WI78402;1;0.8;SYP11
SYP1-1-2-AAA-WI79460;SYP1-2-AAA-WI79460;1;0.8;SYP11
SYP1-1-2-AAA-WI79461;SYP1-2-AAA-WI79461;1;0.8;SYP11
SYP1-1-2-AAA-WI80542;SYP1-2-AAA-WI80542;1;0.8;SYP11
SYP1-1-2-AAA-WI81456;SYP1-2-AAA-WI81456;1;0.8;SYP11
SYP1-1-2-AAA-WI8615;SYP1-2-AAA-WI8615;1;0.8;SYP11
SYP1-1-3-AAA-R109001;SYP1-3-AAA-R109001;1;0.8;SYP11
SYP1-1-3-AAA-R109003;SYP1-3-AAA-R109003;1;0.8;SYP11
SYP1-1-3-AAA-R109005;SYP1-3-AAA-R109005;1;0.8;SYP11
SYP1-1-3-AAA-R109901;SYP1-3-AAA-R109901;1;0.8;SYP11
SYP1-1-3-AAA-R109902;SYP1-3-AAA-R109902;1;0.8;SYP11
SYP1-1-3-AAA-R109903;SYP1-3-AAA-R109903;1;0.8;SYP11
SYP1-1-3-AAA-R109904;SYP1-3-AAA-R109904;1;0.8;SYP11
SYP1-1-3-AAA-R109905;SYP1-3-AAA-R109905;1;0.8;SYP11
SYP1-1-3-AAA-R109906;SYP1-3-AAA-R109906;1;0.8;SYP11
SYP1-1-3-AAA-R109907;SYP1-3-AAA-R109907;1;0.8;SYP11
SYP1-1-3-AAA-R109908;SYP1-3-AAA-R109908;1;0.8;SYP11
SYP1-1-3-AAA-R109909;SYP1-3-AAA-R109909;1;0.8;SYP11
SYP1-1-3-AAA-R570;SYP1-3-AAA-R570;1;0.8;SYP11
SYP1-1-3-AAA-R585;SYP1-3-AAA-R585;1;0.8;SYP11
SYP1-1-3-AAA-WI78402;SYP1-3-AAA-WI78402;1;0.8;SYP11
SYP1-1-3-AAA-WI79460;SYP1-3-AAA-WI79460;1;0.8;SYP11
SYP1-1-3-AAA-WI79461;SYP1-3-AAA-WI79461;1;0.8;SYP11
SYP1-1-3-AAA-WI80542;SYP1-3-AAA-WI80542;1;0.8;SYP11
SYP1-1-3-AAA-WI81456;SYP1-3-AAA-WI81456;1;0.8;SYP11
SYP1-1-3-AAA-WI8615;SYP1-3-AAA-WI8615;1;0.8;SYP11
SYP2-1-0-AAA-R109001;SYP2-0-AAA-R109001;1;0.8;RAINFED
SYP2-1-0-AAA-R109003;SYP2-0-AAA-R109003;1;0.8;RAINFED
SYP2-1-0-AAA-R109005;SYP2-0-AAA-R109005;1;0.8;RAINFED
SYP2-1-0-AAA-R109901;SYP2-0-AAA-R109901;1;0.8;RAINFED
SYP2-1-0-AAA-R109902;SYP2-0-AAA-R109902;1;0.8;RAINFED
SYP2-1-0-AAA-R109903;SYP2-0-AAA-R109903;1;0.8;RAINFED
SYP2-1-0-AAA-R109904;SYP2-0-AAA-R109904;1;0.8;RAINFED
SYP2-1-0-AAA-R109905;SYP2-0-AAA-R109905;1;0.8;RAINFED
SYP2-1-0-AAA-R109906;SYP2-0-AAA-R109906;1;0.8;RAINFED
SYP2-1-0-AAA-R109907;SYP2-0-AAA-R109907;1;0.8;RAINFED
SYP2-1-0-AAA-R109908;SYP2-0-AAA-R109908;1;0.8;RAINFED
SYP2-1-0-AAA-R109909;SYP2-0-AAA-R109909;1;0.8;RAINFED
SYP2-1-0-AAA-R570;SYP2-0-AAA-R570;1;0.8;RAINFED
SYP2-1-0-AAA-R585;SYP2-0-AAA-R585;1;0.8;RAINFED
SYP2-1-0-AAA-R586;SYP2-0-AAA-R586;1;0.8;RAINFED
SYP2-1-0-AAA-WI78402;SYP2-0-AAA-WI78402;1;0.8;RAINFED
SYP2-1-0-AAA-WI79460;SYP2-0-AAA-WI79460;1;0.8;RAINFED
SYP2-1-0-AAA-WI79461;SYP2-0-AAA-WI79461;1;0.8;RAINFED
SYP2-1-0-AAA-WI80542;SYP2-0-AAA-WI80542;1;0.8;RAINFED
SYP2-1-0-AAA-WI81456;SYP2-0-AAA-WI81456;1;0.8;RAINFED
SYP2-1-0-AAA-WI8615;SYP2-0-AAA-WI8615;1;0.8;RAINFED
SYP2-1-1-AAA-R109001;SYP2-1-AAA-R109001;1;0.8;RAINFED
SYP2-1-1-AAA-R109003;SYP2-1-AAA-R109003;1;0.8;RAINFED
SYP2-1-1-AAA-R109005;SYP2-1-AAA-R109005;1;0.8;RAINFED
SYP2-1-1-AAA-R109901;SYP2-1-AAA-R109901;1;0.8;RAINFED
SYP2-1-1-AAA-R109902;SYP2-1-AAA-R109902;1;0.8;RAINFED
SYP2-1-1-AAA-R109903;SYP2-1-AAA-R109903;1;0.8;RAINFED
SYP2-1-1-AAA-R109904;SYP2-1-AAA-R109904;1;0.8;RAINFED
SYP2-1-1-AAA-R109905;SYP2-1-AAA-R109905;1;0.8;RAINFED
SYP2-1-1-AAA-R109906;SYP2-1-AAA-R109906;1;0.8;RAINFED
SYP2-1-1-AAA-R109907;SYP2-1-AAA-R109907;1;0.8;RAINFED
SYP2-1-1-AAA-R109908;SYP2-1-AAA-R109908;1;0.8;RAINFED
SYP2-1-1-AAA-R109909;SYP2-1-AAA-R109909;1;0.8;RAINFED
SYP2-1-1-AAA-R570;SYP2-1-AAA-R570;1;0.8;RAINFED
SYP2-1-1-AAA-R585;SYP2-1-AAA-R585;1;0.8;RAINFED
SYP2-1-1-AAA-R586;SYP2-1-AAA-R586;1;0.8;RAINFED
SYP2-1-1-AAA-WI78402;SYP2-1-AAA-WI78402;1;0.8;RAINFED
SYP2-1-1-AAA-WI79460;SYP2-1-AAA-WI79460;1;0.8;RAINFED
SYP2-1-1-AAA-WI79461;SYP2-1-AAA-WI79461;1;0.8;RAINFED
SYP2-1-1-AAA-WI80542;SYP2-1-AAA-WI80542;1;0.8;RAINFED
SYP2-1-1-AAA-WI81456;SYP2-1-AAA-WI81456;1;0.8;RAINFED
SYP2-1-1-AAA-WI8615;SYP2-1-AAA-WI8615;1;0.8;RAINFED
SYP2-1-2-AAA-R109001;SYP2-2-AAA-R109001;1;0.8;RAINFED
SYP2-1-2-AAA-R109003;SYP2-2-AAA-R109003;1;0.8;RAINFED
SYP2-1-2-AAA-R109005;SYP2-2-AAA-R109005;1;0.8;RAINFED
SYP2-1-2-AAA-R109901;SYP2-2-AAA-R109901;1;0.8;RAINFED
SYP2-1-2-AAA-R109902;SYP2-2-AAA-R109902;1;0.8;RAINFED
SYP2-1-2-AAA-R109903;SYP2-2-AAA-R109903;1;0.8;RAINFED
SYP2-1-2-AAA-R109904;SYP2-2-AAA-R109904;1;0.8;RAINFED
SYP2-1-2-AAA-R109905;SYP2-2-AAA-R109905;1;0.8;RAINFED
SYP2-1-2-AAA-R109906;SYP2-2-AAA-R109906;1;0.8;RAINFED
SYP2-1-2-AAA-R109907;SYP2-2-AAA-R109907;1;0.8;RAINFED
SYP2-1-2-AAA-R109908;SYP2-2-AAA-R109908;1;0.8;RAINFED
SYP2-1-2-AAA-R109909;SYP2-2-AAA-R109909;1;0.8;RAINFED
SYP2-1-2-AAA-R570;SYP2-2-AAA-R570;1;0.8;RAINFED
SYP2-1-2-AAA-R585;SYP2-2-AAA-R585;1;0.8;RAINFED
SYP2-1-2-AAA-R586;SYP2-2-AAA-R586;1;0.8;RAINFED
SYP2-1-2-AAA-WI78402;SYP2-2-AAA-WI78402;1;0.8;RAINFED
SYP2-1-2-AAA-WI79460;SYP2-2-AAA-WI79460;1;0.8;RAINFED
SYP2-1-2-AAA-WI79461;SYP2-2-AAA-WI79461;1;0.8;RAINFED
SYP2-1-2-AAA-WI80542;SYP2-2-AAA-WI80542;1;0.8;RAINFED
SYP2-1-2-AAA-WI81456;SYP2-2-AAA-WI81456;1;0.8;RAINFED
SYP2-1-2-AAA-WI8615;SYP2-2-AAA-WI8615;1;0.8;RAINFED
SYP2-1-3-AAA-R109001;SYP2-3-AAA-R109001;1;0.8;RAINFED
SYP2-1-3-AAA-R109003;SYP2-3-AAA-R109003;1;0.8;RAINFED
SYP2-1-3-AAA-R109005;SYP2-3-AAA-R109005;1;0.8;RAINFED
SYP2-1-3-AAA-R109901;SYP2-3-AAA-R109901;1;0.8;RAINFED
SYP2-1-3-AAA-R109902;SYP2-3-AAA-R109902;1;0.8;RAINFED
SYP2-1-3-AAA-R109903;SYP2-3-AAA-R109903;1;0.8;RAINFED
SYP2-1-3-AAA-R109904;SYP2-3-AAA-R109904;1;0.8;RAINFED
SYP2-1-3-AAA-R109905;SYP2-3-AAA-R109905;1;0.8;RAINFED
SYP2-1-3-AAA-R109906;SYP2-3-AAA-R109906;1;0.8;RAINFED
SYP2-1-3-AAA-R109907;SYP2-3-AAA-R109907;1;0.8;RAINFED
SYP2-1-3-AAA-R109908;SYP2-3-AAA-R109908;1;0.8;RAINFED
SYP2-1-3-AAA-R109909;SYP2-3-AAA-R109909;1;0.8;RAINFED
SYP2-1-3-AAA-R570;SYP2-3-AAA-R570;1;0.8;RAINFED
SYP2-1-3-AAA-R585;SYP2-3-AAA-R585;1;0.8;RAINFED
SYP2-1-3-AAA-R586;SYP2-3-AAA-R586;1;0.8;RAINFED
SYP2-1-3-AAA-WI78402;SYP2-3-AAA-WI78402;1;0.8;RAINFED
SYP2-1-3-AAA-WI79460;SYP2-3-AAA-WI79460;1;0.8;RAINFED
SYP2-1-3-AAA-WI79461;SYP2-3-AAA-WI79461;1;0.8;RAINFED
SYP2-1-3-AAA-WI80542;SYP2-3-AAA-WI80542;1;0.8;RAINFED
SYP2-1-3-AAA-WI81456;SYP2-3-AAA-WI81456;1;0.8;RAINFED
SYP2-1-3-AAA-WI8615;SYP2-3-AAA-WI8615;1;0.8;RAINFED
DSLM-0-0-AAA-R570;DSLM-0-AAA-R570;0;0.5;DSLM0
DSLM-0-0-AAA-R579;DSLM-0-AAA-R579;0;0.5;DSLM0
DSLM-0-0-AAA-R585;DSLM-0-AAA-R585;0;0.5;DSLM0
DSME-0-0-AAA-R570;DSME-0-AAA-R570;0;0.5;RAINFED
DSME-0-0-AAA-R579;DSME-0-AAA-R579;0;0.5;RAINFED
DSME-0-0-AAA-R585;DSME-0-AAA-R585;0;0.5;RAINFED
DSES-0-0-AAA-R570;DSES-0-AAA-R570;0;0.5;DSES0
DSES-0-0-AAA-R579;DSES-0-AAA-R579;0;0.5;DSES0
DSES-0-0-AAA-R585;DSES-0-AAA-R585;0;0.5;DSES0
DSVB-0-0-AAA-R570;DSVB-0-AAA-R570;0;0.5;RAINFED
DSVB-0-0-AAA-R579;DSVB-0-AAA-R579;0;0.5;RAINFED
DSVB-0-0-AAA-R585;DSVB-0-AAA-R585;0;0.5;RAINFED
DSLM-1-0-AAA-R570;DSLM-0-AAA-R570;1;0.5;DSLM1
DSLM-1-0-AAA-R579;DSLM-0-AAA-R579;1;0.5;DSLM1
DSLM-1-0-AAA-R585;DSLM-0-AAA-R585;1;0.5;DSLM1
DSME-1-0-AAA-R570;DSME-0-AAA-R570;1;0.5;RAINFED
DSME-1-0-AAA-R579;DSME-0-AAA-R579;1;0.5;RAINFED
DSME-1-0-AAA-R585;DSME-0-AAA-R585;1;0.5;RAINFED
DSES-1-0-AAA-R570;DSES-0-AAA-R570;1;0.5;DSES1
DSES-1-0-AAA-R579;DSES-0-AAA-R579;1;0.5;DSES1
DSES-1-0-AAA-R585;DSES-0-AAA-R585;1;0.5;DSES1
DSVB-1-0-AAA-R570;DSVB-0-AAA-R570;1;0.5;RAINFED
DSVB-1-0-AAA-R579;DSVB-0-AAA-R579;1;0.5;RAINFED
DSVB-1-0-AAA-R585;DSVB-0-AAA-R585;1;0.5;RAINFED
